observationID,scientificName,minTimestamp,maxTimestamp,sequenceID,deploymentID
ef2f7140-ae97-4b44-8309-ab1ffbc02879:1,,2020-07-29T05:29:41Z,2020-07-29T05:29:41Z,8f5ffbf2-52c4-4dd2-b502-d93a8aa64640,29b7d356-4bb4-4ec4-b792-2af5cc32efa8
ef2f7140-ae97-4b44-8309-ab1ffbc02879:2,,2020-07-29T05:29:42Z,2020-07-29T05:29:42Z,8f5ffbf2-52c4-4dd2-b502-d93a8aa64640,29b7d356-4bb4-4ec4-b792-2af5cc32efa8
ef2f7140-ae97-4b44-8309-ab1ffbc02879:3,,2020-07-29T05:29:43Z,2020-07-29T05:29:43Z,8f5ffbf2-52c4-4dd2-b502-d93a8aa64640,29b7d356-4bb4-4ec4-b792-2af5cc32efa8
ef2f7140-ae97-4b44-8309-ab1ffbc02879:4,,2020-07-29T05:29:43Z,2020-07-29T05:29:43Z,8f5ffbf2-52c4-4dd2-b502-d93a8aa64640,29b7d356-4bb4-4ec4-b792-2af5cc32efa8
ef2f7140-ae97-4b44-8309-ab1ffbc02879:5,,2020-07-29T05:29:44Z,2020-07-29T05:29:44Z,8f5ffbf2-52c4-4dd2-b502-d93a8aa64640,29b7d356-4bb4-4ec4-b792-2af5cc32efa8
ef2f7140-ae97-4b44-8309-ab1ffbc02879:6,,2020-07-29T05:29:44Z,2020-07-29T05:29:44Z,8f5ffbf2-52c4-4dd2-b502-d93a8aa64640,29b7d356-4bb4-4ec4-b792-2af5cc32efa8
ef2f7140-ae97-4b44-8309-ab1ffbc02879:7,,2020-07-29T05:29:45Z,2020-07-29T05:29:45Z,8f5ffbf2-52c4-4dd2-b502-d93a8aa64640,29b7d356-4bb4-4ec4-b792-2af5cc32efa8
ef2f7140-ae97-4b44-8309-ab1ffbc02879:8,,2020-07-29T05:29:46Z,2020-07-29T05:29:46Z,8f5ffbf2-52c4-4dd2-b502-d93a8aa64640,29b7d356-4bb4-4ec4-b792-2af5cc32efa8
ef2f7140-ae97-4b44-8309-ab1ffbc02879:9,,2020-07-29T05:29:46Z,2020-07-29T05:29:46Z,8f5ffbf2-52c4-4dd2-b502-d93a8aa64640,29b7d356-4bb4-4ec4-b792-2af5cc32efa8
ef2f7140-ae97-4b44-8309-ab1ffbc02879:10,,2020-07-29T05:29:47Z,2020-07-29T05:29:47Z,8f5ffbf2-52c4-4dd2-b502-d93a8aa64640,29b7d356-4bb4-4ec4-b792-2af5cc32efa8
68686a75-ad44-4676-b45e-2b85f60e4d11:11,,2020-07-29T05:38:55Z,2020-07-29T05:38:55Z,1d98da96-c3ce-4479-9b97-8883cd33724f,29b7d356-4bb4-4ec4-b792-2af5cc32efa8
68686a75-ad44-4676-b45e-2b85f60e4d11:12,,2020-07-29T05:38:55Z,2020-07-29T05:38:55Z,1d98da96-c3ce-4479-9b97-8883cd33724f,29b7d356-4bb4-4ec4-b792-2af5cc32efa8
68686a75-ad44-4676-b45e-2b85f60e4d11:13,,2020-07-29T05:38:56Z,2020-07-29T05:38:56Z,1d98da96-c3ce-4479-9b97-8883cd33724f,29b7d356-4bb4-4ec4-b792-2af5cc32efa8
68686a75-ad44-4676-b45e-2b85f60e4d11:14,,2020-07-29T05:38:56Z,2020-07-29T05:38:56Z,1d98da96-c3ce-4479-9b97-8883cd33724f,29b7d356-4bb4-4ec4-b792-2af5cc32efa8
68686a75-ad44-4676-b45e-2b85f60e4d11:15,,2020-07-29T05:38:57Z,2020-07-29T05:38:57Z,1d98da96-c3ce-4479-9b97-8883cd33724f,29b7d356-4bb4-4ec4-b792-2af5cc32efa8
68686a75-ad44-4676-b45e-2b85f60e4d11:16,,2020-07-29T05:38:58Z,2020-07-29T05:38:58Z,1d98da96-c3ce-4479-9b97-8883cd33724f,29b7d356-4bb4-4ec4-b792-2af5cc32efa8
68686a75-ad44-4676-b45e-2b85f60e4d11:17,,2020-07-29T05:38:58Z,2020-07-29T05:38:58Z,1d98da96-c3ce-4479-9b97-8883cd33724f,29b7d356-4bb4-4ec4-b792-2af5cc32efa8
68686a75-ad44-4676-b45e-2b85f60e4d11:18,,2020-07-29T05:38:59Z,2020-07-29T05:38:59Z,1d98da96-c3ce-4479-9b97-8883cd33724f,29b7d356-4bb4-4ec4-b792-2af5cc32efa8
68686a75-ad44-4676-b45e-2b85f60e4d11:19,,2020-07-29T05:38:59Z,2020-07-29T05:38:59Z,1d98da96-c3ce-4479-9b97-8883cd33724f,29b7d356-4bb4-4ec4-b792-2af5cc32efa8
68686a75-ad44-4676-b45e-2b85f60e4d11:20,,2020-07-29T05:39:00Z,2020-07-29T05:39:00Z,1d98da96-c3ce-4479-9b97-8883cd33724f,29b7d356-4bb4-4ec4-b792-2af5cc32efa8
3d065f23-426a-449b-8693-f3c6b2ac9c7a:21,Anas strepera,2020-07-29T05:46:48Z,2020-07-29T05:46:48Z,89b807ca-697f-4452-8349-b235622c94fa,29b7d356-4bb4-4ec4-b792-2af5cc32efa8
3d065f23-426a-449b-8693-f3c6b2ac9c7a:22,Anas strepera,2020-07-29T05:46:49Z,2020-07-29T05:46:49Z,89b807ca-697f-4452-8349-b235622c94fa,29b7d356-4bb4-4ec4-b792-2af5cc32efa8
3d065f23-426a-449b-8693-f3c6b2ac9c7a:23,Anas strepera,2020-07-29T05:46:49Z,2020-07-29T05:46:49Z,89b807ca-697f-4452-8349-b235622c94fa,29b7d356-4bb4-4ec4-b792-2af5cc32efa8
3d065f23-426a-449b-8693-f3c6b2ac9c7a:24,Anas strepera,2020-07-29T05:46:50Z,2020-07-29T05:46:50Z,89b807ca-697f-4452-8349-b235622c94fa,29b7d356-4bb4-4ec4-b792-2af5cc32efa8
3d065f23-426a-449b-8693-f3c6b2ac9c7a:25,Anas strepera,2020-07-29T05:46:51Z,2020-07-29T05:46:51Z,89b807ca-697f-4452-8349-b235622c94fa,29b7d356-4bb4-4ec4-b792-2af5cc32efa8
3d065f23-426a-449b-8693-f3c6b2ac9c7a:26,Anas strepera,2020-07-29T05:46:51Z,2020-07-29T05:46:51Z,89b807ca-697f-4452-8349-b235622c94fa,29b7d356-4bb4-4ec4-b792-2af5cc32efa8
3d065f23-426a-449b-8693-f3c6b2ac9c7a:27,Anas strepera,2020-07-29T05:46:52Z,2020-07-29T05:46:52Z,89b807ca-697f-4452-8349-b235622c94fa,29b7d356-4bb4-4ec4-b792-2af5cc32efa8
3d065f23-426a-449b-8693-f3c6b2ac9c7a:28,Anas strepera,2020-07-29T05:46:52Z,2020-07-29T05:46:52Z,89b807ca-697f-4452-8349-b235622c94fa,29b7d356-4bb4-4ec4-b792-2af5cc32efa8
3d065f23-426a-449b-8693-f3c6b2ac9c7a:29,Anas strepera,2020-07-29T05:46:53Z,2020-07-29T05:46:53Z,89b807ca-697f-4452-8349-b235622c94fa,29b7d356-4bb4-4ec4-b792-2af5cc32efa8
3d065f23-426a-449b-8693-f3c6b2ac9c7a:30,Anas strepera,2020-07-29T05:46:54Z,2020-07-29T05:46:54Z,89b807ca-697f-4452-8349-b235622c94fa,29b7d356-4bb4-4ec4-b792-2af5cc32efa8
1fa8b00a-8f0e-485e-b98e-eb9bb1ee5a9f:31,Anas strepera,2020-07-30T04:29:31Z,2020-07-30T04:29:31Z,710eac2a-e261-478d-84e8-de99f418138c,29b7d356-4bb4-4ec4-b792-2af5cc32efa8
1fa8b00a-8f0e-485e-b98e-eb9bb1ee5a9f:32,Anas strepera,2020-07-30T04:29:32Z,2020-07-30T04:29:32Z,710eac2a-e261-478d-84e8-de99f418138c,29b7d356-4bb4-4ec4-b792-2af5cc32efa8
1fa8b00a-8f0e-485e-b98e-eb9bb1ee5a9f:33,Anas strepera,2020-07-30T04:29:33Z,2020-07-30T04:29:33Z,710eac2a-e261-478d-84e8-de99f418138c,29b7d356-4bb4-4ec4-b792-2af5cc32efa8
1fa8b00a-8f0e-485e-b98e-eb9bb1ee5a9f:34,Anas strepera,2020-07-30T04:29:33Z,2020-07-30T04:29:33Z,710eac2a-e261-478d-84e8-de99f418138c,29b7d356-4bb4-4ec4-b792-2af5cc32efa8
1fa8b00a-8f0e-485e-b98e-eb9bb1ee5a9f:35,Anas strepera,2020-07-30T04:29:34Z,2020-07-30T04:29:34Z,710eac2a-e261-478d-84e8-de99f418138c,29b7d356-4bb4-4ec4-b792-2af5cc32efa8
1fa8b00a-8f0e-485e-b98e-eb9bb1ee5a9f:36,Anas strepera,2020-07-30T04:29:34Z,2020-07-30T04:29:34Z,710eac2a-e261-478d-84e8-de99f418138c,29b7d356-4bb4-4ec4-b792-2af5cc32efa8
1fa8b00a-8f0e-485e-b98e-eb9bb1ee5a9f:37,Anas strepera,2020-07-30T04:29:35Z,2020-07-30T04:29:35Z,710eac2a-e261-478d-84e8-de99f418138c,29b7d356-4bb4-4ec4-b792-2af5cc32efa8
1fa8b00a-8f0e-485e-b98e-eb9bb1ee5a9f:38,Anas strepera,2020-07-30T04:29:36Z,2020-07-30T04:29:36Z,710eac2a-e261-478d-84e8-de99f418138c,29b7d356-4bb4-4ec4-b792-2af5cc32efa8
1fa8b00a-8f0e-485e-b98e-eb9bb1ee5a9f:39,Anas strepera,2020-07-30T04:29:36Z,2020-07-30T04:29:36Z,710eac2a-e261-478d-84e8-de99f418138c,29b7d356-4bb4-4ec4-b792-2af5cc32efa8
1fa8b00a-8f0e-485e-b98e-eb9bb1ee5a9f:40,Anas strepera,2020-07-30T04:29:37Z,2020-07-30T04:29:37Z,710eac2a-e261-478d-84e8-de99f418138c,29b7d356-4bb4-4ec4-b792-2af5cc32efa8
e57d97b3-f15b-48f5-a86c-477952bf8b7a:41,Anas platyrhynchos,2020-07-31T04:43:33Z,2020-07-31T04:43:33Z,149f42ec-37bb-499b-9dac-24a90979e92c,29b7d356-4bb4-4ec4-b792-2af5cc32efa8
e57d97b3-f15b-48f5-a86c-477952bf8b7a:42,Anas platyrhynchos,2020-07-31T04:43:34Z,2020-07-31T04:43:34Z,149f42ec-37bb-499b-9dac-24a90979e92c,29b7d356-4bb4-4ec4-b792-2af5cc32efa8
e57d97b3-f15b-48f5-a86c-477952bf8b7a:43,Anas platyrhynchos,2020-07-31T04:43:34Z,2020-07-31T04:43:34Z,149f42ec-37bb-499b-9dac-24a90979e92c,29b7d356-4bb4-4ec4-b792-2af5cc32efa8
e57d97b3-f15b-48f5-a86c-477952bf8b7a:44,Anas platyrhynchos,2020-07-31T04:43:35Z,2020-07-31T04:43:35Z,149f42ec-37bb-499b-9dac-24a90979e92c,29b7d356-4bb4-4ec4-b792-2af5cc32efa8
e57d97b3-f15b-48f5-a86c-477952bf8b7a:45,Anas platyrhynchos,2020-07-31T04:43:35Z,2020-07-31T04:43:35Z,149f42ec-37bb-499b-9dac-24a90979e92c,29b7d356-4bb4-4ec4-b792-2af5cc32efa8
e57d97b3-f15b-48f5-a86c-477952bf8b7a:46,Anas platyrhynchos,2020-07-31T04:43:36Z,2020-07-31T04:43:36Z,149f42ec-37bb-499b-9dac-24a90979e92c,29b7d356-4bb4-4ec4-b792-2af5cc32efa8
e57d97b3-f15b-48f5-a86c-477952bf8b7a:47,Anas platyrhynchos,2020-07-31T04:43:37Z,2020-07-31T04:43:37Z,149f42ec-37bb-499b-9dac-24a90979e92c,29b7d356-4bb4-4ec4-b792-2af5cc32efa8
e57d97b3-f15b-48f5-a86c-477952bf8b7a:48,Anas platyrhynchos,2020-07-31T04:43:37Z,2020-07-31T04:43:37Z,149f42ec-37bb-499b-9dac-24a90979e92c,29b7d356-4bb4-4ec4-b792-2af5cc32efa8
e57d97b3-f15b-48f5-a86c-477952bf8b7a:49,Anas platyrhynchos,2020-07-31T04:43:38Z,2020-07-31T04:43:38Z,149f42ec-37bb-499b-9dac-24a90979e92c,29b7d356-4bb4-4ec4-b792-2af5cc32efa8
e57d97b3-f15b-48f5-a86c-477952bf8b7a:50,Anas platyrhynchos,2020-07-31T04:43:38Z,2020-07-31T04:43:38Z,149f42ec-37bb-499b-9dac-24a90979e92c,29b7d356-4bb4-4ec4-b792-2af5cc32efa8
f5707f70-c264-4f81-9e2f-06d55ad23d37:51,Anas platyrhynchos,2020-08-02T05:00:14Z,2020-08-02T05:00:14Z,45ee3031-93c2-4684-a917-d33d5274780f,29b7d356-4bb4-4ec4-b792-2af5cc32efa8
f5707f70-c264-4f81-9e2f-06d55ad23d37:52,Anas platyrhynchos,2020-08-02T05:00:15Z,2020-08-02T05:00:15Z,45ee3031-93c2-4684-a917-d33d5274780f,29b7d356-4bb4-4ec4-b792-2af5cc32efa8
f5707f70-c264-4f81-9e2f-06d55ad23d37:53,Anas platyrhynchos,2020-08-02T05:00:15Z,2020-08-02T05:00:15Z,45ee3031-93c2-4684-a917-d33d5274780f,29b7d356-4bb4-4ec4-b792-2af5cc32efa8
f5707f70-c264-4f81-9e2f-06d55ad23d37:54,Anas platyrhynchos,2020-08-02T05:00:16Z,2020-08-02T05:00:16Z,45ee3031-93c2-4684-a917-d33d5274780f,29b7d356-4bb4-4ec4-b792-2af5cc32efa8
f5707f70-c264-4f81-9e2f-06d55ad23d37:55,Anas platyrhynchos,2020-08-02T05:00:16Z,2020-08-02T05:00:16Z,45ee3031-93c2-4684-a917-d33d5274780f,29b7d356-4bb4-4ec4-b792-2af5cc32efa8
f5707f70-c264-4f81-9e2f-06d55ad23d37:56,Anas platyrhynchos,2020-08-02T05:00:17Z,2020-08-02T05:00:17Z,45ee3031-93c2-4684-a917-d33d5274780f,29b7d356-4bb4-4ec4-b792-2af5cc32efa8
f5707f70-c264-4f81-9e2f-06d55ad23d37:57,Anas platyrhynchos,2020-08-02T05:00:18Z,2020-08-02T05:00:18Z,45ee3031-93c2-4684-a917-d33d5274780f,29b7d356-4bb4-4ec4-b792-2af5cc32efa8
f5707f70-c264-4f81-9e2f-06d55ad23d37:58,Anas platyrhynchos,2020-08-02T05:00:18Z,2020-08-02T05:00:18Z,45ee3031-93c2-4684-a917-d33d5274780f,29b7d356-4bb4-4ec4-b792-2af5cc32efa8
f5707f70-c264-4f81-9e2f-06d55ad23d37:59,Anas platyrhynchos,2020-08-02T05:00:19Z,2020-08-02T05:00:19Z,45ee3031-93c2-4684-a917-d33d5274780f,29b7d356-4bb4-4ec4-b792-2af5cc32efa8
f5707f70-c264-4f81-9e2f-06d55ad23d37:60,Anas platyrhynchos,2020-08-02T05:00:19Z,2020-08-02T05:00:19Z,45ee3031-93c2-4684-a917-d33d5274780f,29b7d356-4bb4-4ec4-b792-2af5cc32efa8
f5707f70-c264-4f81-9e2f-06d55ad23d37:61,Anas platyrhynchos,2020-08-02T05:00:30Z,2020-08-02T05:00:30Z,45ee3031-93c2-4684-a917-d33d5274780f,29b7d356-4bb4-4ec4-b792-2af5cc32efa8
f5707f70-c264-4f81-9e2f-06d55ad23d37:62,Anas platyrhynchos,2020-08-02T05:00:30Z,2020-08-02T05:00:30Z,45ee3031-93c2-4684-a917-d33d5274780f,29b7d356-4bb4-4ec4-b792-2af5cc32efa8
f5707f70-c264-4f81-9e2f-06d55ad23d37:63,Anas platyrhynchos,2020-08-02T05:00:31Z,2020-08-02T05:00:31Z,45ee3031-93c2-4684-a917-d33d5274780f,29b7d356-4bb4-4ec4-b792-2af5cc32efa8
f5707f70-c264-4f81-9e2f-06d55ad23d37:64,Anas platyrhynchos,2020-08-02T05:00:31Z,2020-08-02T05:00:31Z,45ee3031-93c2-4684-a917-d33d5274780f,29b7d356-4bb4-4ec4-b792-2af5cc32efa8
f5707f70-c264-4f81-9e2f-06d55ad23d37:65,Anas platyrhynchos,2020-08-02T05:00:32Z,2020-08-02T05:00:32Z,45ee3031-93c2-4684-a917-d33d5274780f,29b7d356-4bb4-4ec4-b792-2af5cc32efa8
f5707f70-c264-4f81-9e2f-06d55ad23d37:66,Anas platyrhynchos,2020-08-02T05:00:33Z,2020-08-02T05:00:33Z,45ee3031-93c2-4684-a917-d33d5274780f,29b7d356-4bb4-4ec4-b792-2af5cc32efa8
f5707f70-c264-4f81-9e2f-06d55ad23d37:67,Anas platyrhynchos,2020-08-02T05:00:33Z,2020-08-02T05:00:33Z,45ee3031-93c2-4684-a917-d33d5274780f,29b7d356-4bb4-4ec4-b792-2af5cc32efa8
f5707f70-c264-4f81-9e2f-06d55ad23d37:68,Anas platyrhynchos,2020-08-02T05:00:34Z,2020-08-02T05:00:34Z,45ee3031-93c2-4684-a917-d33d5274780f,29b7d356-4bb4-4ec4-b792-2af5cc32efa8
f5707f70-c264-4f81-9e2f-06d55ad23d37:69,Anas platyrhynchos,2020-08-02T05:00:34Z,2020-08-02T05:00:34Z,45ee3031-93c2-4684-a917-d33d5274780f,29b7d356-4bb4-4ec4-b792-2af5cc32efa8
f5707f70-c264-4f81-9e2f-06d55ad23d37:70,Anas platyrhynchos,2020-08-02T05:00:35Z,2020-08-02T05:00:35Z,45ee3031-93c2-4684-a917-d33d5274780f,29b7d356-4bb4-4ec4-b792-2af5cc32efa8
f5707f70-c264-4f81-9e2f-06d55ad23d37:71,Anas platyrhynchos,2020-08-02T05:01:00Z,2020-08-02T05:01:00Z,45ee3031-93c2-4684-a917-d33d5274780f,29b7d356-4bb4-4ec4-b792-2af5cc32efa8
f5707f70-c264-4f81-9e2f-06d55ad23d37:72,Anas platyrhynchos,2020-08-02T05:01:01Z,2020-08-02T05:01:01Z,45ee3031-93c2-4684-a917-d33d5274780f,29b7d356-4bb4-4ec4-b792-2af5cc32efa8
f5707f70-c264-4f81-9e2f-06d55ad23d37:73,Anas platyrhynchos,2020-08-02T05:01:01Z,2020-08-02T05:01:01Z,45ee3031-93c2-4684-a917-d33d5274780f,29b7d356-4bb4-4ec4-b792-2af5cc32efa8
f5707f70-c264-4f81-9e2f-06d55ad23d37:74,Anas platyrhynchos,2020-08-02T05:01:02Z,2020-08-02T05:01:02Z,45ee3031-93c2-4684-a917-d33d5274780f,29b7d356-4bb4-4ec4-b792-2af5cc32efa8
f5707f70-c264-4f81-9e2f-06d55ad23d37:75,Anas platyrhynchos,2020-08-02T05:01:02Z,2020-08-02T05:01:02Z,45ee3031-93c2-4684-a917-d33d5274780f,29b7d356-4bb4-4ec4-b792-2af5cc32efa8
f5707f70-c264-4f81-9e2f-06d55ad23d37:76,Anas platyrhynchos,2020-08-02T05:01:03Z,2020-08-02T05:01:03Z,45ee3031-93c2-4684-a917-d33d5274780f,29b7d356-4bb4-4ec4-b792-2af5cc32efa8
f5707f70-c264-4f81-9e2f-06d55ad23d37:77,Anas platyrhynchos,2020-08-02T05:01:04Z,2020-08-02T05:01:04Z,45ee3031-93c2-4684-a917-d33d5274780f,29b7d356-4bb4-4ec4-b792-2af5cc32efa8
f5707f70-c264-4f81-9e2f-06d55ad23d37:78,Anas platyrhynchos,2020-08-02T05:01:04Z,2020-08-02T05:01:04Z,45ee3031-93c2-4684-a917-d33d5274780f,29b7d356-4bb4-4ec4-b792-2af5cc32efa8
f5707f70-c264-4f81-9e2f-06d55ad23d37:79,Anas platyrhynchos,2020-08-02T05:01:05Z,2020-08-02T05:01:05Z,45ee3031-93c2-4684-a917-d33d5274780f,29b7d356-4bb4-4ec4-b792-2af5cc32efa8
f5707f70-c264-4f81-9e2f-06d55ad23d37:80,Anas platyrhynchos,2020-08-02T05:01:05Z,2020-08-02T05:01:05Z,45ee3031-93c2-4684-a917-d33d5274780f,29b7d356-4bb4-4ec4-b792-2af5cc32efa8
ccfa9680-f85f-41db-9760-445a19f5dbe7:81,Anas platyrhynchos,2020-08-03T05:09:12Z,2020-08-03T05:09:12Z,02ae9f43-ae3e-4cd5-8a41-66f0543defdf,29b7d356-4bb4-4ec4-b792-2af5cc32efa8
ccfa9680-f85f-41db-9760-445a19f5dbe7:82,Anas platyrhynchos,2020-08-03T05:09:13Z,2020-08-03T05:09:13Z,02ae9f43-ae3e-4cd5-8a41-66f0543defdf,29b7d356-4bb4-4ec4-b792-2af5cc32efa8
ccfa9680-f85f-41db-9760-445a19f5dbe7:83,Anas platyrhynchos,2020-08-03T05:09:14Z,2020-08-03T05:09:14Z,02ae9f43-ae3e-4cd5-8a41-66f0543defdf,29b7d356-4bb4-4ec4-b792-2af5cc32efa8
ccfa9680-f85f-41db-9760-445a19f5dbe7:84,Anas platyrhynchos,2020-08-03T05:09:14Z,2020-08-03T05:09:14Z,02ae9f43-ae3e-4cd5-8a41-66f0543defdf,29b7d356-4bb4-4ec4-b792-2af5cc32efa8
ccfa9680-f85f-41db-9760-445a19f5dbe7:85,Anas platyrhynchos,2020-08-03T05:09:15Z,2020-08-03T05:09:15Z,02ae9f43-ae3e-4cd5-8a41-66f0543defdf,29b7d356-4bb4-4ec4-b792-2af5cc32efa8
ccfa9680-f85f-41db-9760-445a19f5dbe7:86,Anas platyrhynchos,2020-08-03T05:09:16Z,2020-08-03T05:09:16Z,02ae9f43-ae3e-4cd5-8a41-66f0543defdf,29b7d356-4bb4-4ec4-b792-2af5cc32efa8
ccfa9680-f85f-41db-9760-445a19f5dbe7:87,Anas platyrhynchos,2020-08-03T05:09:16Z,2020-08-03T05:09:16Z,02ae9f43-ae3e-4cd5-8a41-66f0543defdf,29b7d356-4bb4-4ec4-b792-2af5cc32efa8
ccfa9680-f85f-41db-9760-445a19f5dbe7:88,Anas platyrhynchos,2020-08-03T05:09:17Z,2020-08-03T05:09:17Z,02ae9f43-ae3e-4cd5-8a41-66f0543defdf,29b7d356-4bb4-4ec4-b792-2af5cc32efa8
ccfa9680-f85f-41db-9760-445a19f5dbe7:89,Anas platyrhynchos,2020-08-03T05:09:18Z,2020-08-03T05:09:18Z,02ae9f43-ae3e-4cd5-8a41-66f0543defdf,29b7d356-4bb4-4ec4-b792-2af5cc32efa8
ccfa9680-f85f-41db-9760-445a19f5dbe7:90,Anas platyrhynchos,2020-08-03T05:09:18Z,2020-08-03T05:09:18Z,02ae9f43-ae3e-4cd5-8a41-66f0543defdf,29b7d356-4bb4-4ec4-b792-2af5cc32efa8
1a32d481-ff36-4332-85ea-94423193936a:91,Anas platyrhynchos,2020-08-04T05:04:09Z,2020-08-04T05:04:09Z,8865647b-f927-4d1f-9bc2-25ad849df5f8,29b7d356-4bb4-4ec4-b792-2af5cc32efa8
1a32d481-ff36-4332-85ea-94423193936a:92,Anas platyrhynchos,2020-08-04T05:04:10Z,2020-08-04T05:04:10Z,8865647b-f927-4d1f-9bc2-25ad849df5f8,29b7d356-4bb4-4ec4-b792-2af5cc32efa8
1a32d481-ff36-4332-85ea-94423193936a:93,Anas platyrhynchos,2020-08-04T05:04:10Z,2020-08-04T05:04:10Z,8865647b-f927-4d1f-9bc2-25ad849df5f8,29b7d356-4bb4-4ec4-b792-2af5cc32efa8
1a32d481-ff36-4332-85ea-94423193936a:94,Anas platyrhynchos,2020-08-04T05:04:11Z,2020-08-04T05:04:11Z,8865647b-f927-4d1f-9bc2-25ad849df5f8,29b7d356-4bb4-4ec4-b792-2af5cc32efa8
1a32d481-ff36-4332-85ea-94423193936a:95,Anas platyrhynchos,2020-08-04T05:04:11Z,2020-08-04T05:04:11Z,8865647b-f927-4d1f-9bc2-25ad849df5f8,29b7d356-4bb4-4ec4-b792-2af5cc32efa8
1a32d481-ff36-4332-85ea-94423193936a:96,Anas platyrhynchos,2020-08-04T05:04:12Z,2020-08-04T05:04:12Z,8865647b-f927-4d1f-9bc2-25ad849df5f8,29b7d356-4bb4-4ec4-b792-2af5cc32efa8
1a32d481-ff36-4332-85ea-94423193936a:97,Anas platyrhynchos,2020-08-04T05:04:13Z,2020-08-04T05:04:13Z,8865647b-f927-4d1f-9bc2-25ad849df5f8,29b7d356-4bb4-4ec4-b792-2af5cc32efa8
1a32d481-ff36-4332-85ea-94423193936a:98,Anas platyrhynchos,2020-08-04T05:04:13Z,2020-08-04T05:04:13Z,8865647b-f927-4d1f-9bc2-25ad849df5f8,29b7d356-4bb4-4ec4-b792-2af5cc32efa8
1a32d481-ff36-4332-85ea-94423193936a:99,Anas platyrhynchos,2020-08-04T05:04:14Z,2020-08-04T05:04:14Z,8865647b-f927-4d1f-9bc2-25ad849df5f8,29b7d356-4bb4-4ec4-b792-2af5cc32efa8
1a32d481-ff36-4332-85ea-94423193936a:100,Anas platyrhynchos,2020-08-04T05:04:14Z,2020-08-04T05:04:14Z,8865647b-f927-4d1f-9bc2-25ad849df5f8,29b7d356-4bb4-4ec4-b792-2af5cc32efa8
c60eb90d-ab45-4b5a-8e0c-72204fdf4c08:101,Anas strepera,2020-08-05T05:02:01Z,2020-08-05T05:02:01Z,4c03e12a-fc1d-495c-a50d-3eaf5916754d,29b7d356-4bb4-4ec4-b792-2af5cc32efa8
c60eb90d-ab45-4b5a-8e0c-72204fdf4c08:102,Anas strepera,2020-08-05T05:02:02Z,2020-08-05T05:02:02Z,4c03e12a-fc1d-495c-a50d-3eaf5916754d,29b7d356-4bb4-4ec4-b792-2af5cc32efa8
c60eb90d-ab45-4b5a-8e0c-72204fdf4c08:103,Anas strepera,2020-08-05T05:02:03Z,2020-08-05T05:02:03Z,4c03e12a-fc1d-495c-a50d-3eaf5916754d,29b7d356-4bb4-4ec4-b792-2af5cc32efa8
c60eb90d-ab45-4b5a-8e0c-72204fdf4c08:104,Anas strepera,2020-08-05T05:02:03Z,2020-08-05T05:02:03Z,4c03e12a-fc1d-495c-a50d-3eaf5916754d,29b7d356-4bb4-4ec4-b792-2af5cc32efa8
c60eb90d-ab45-4b5a-8e0c-72204fdf4c08:105,Anas strepera,2020-08-05T05:02:04Z,2020-08-05T05:02:04Z,4c03e12a-fc1d-495c-a50d-3eaf5916754d,29b7d356-4bb4-4ec4-b792-2af5cc32efa8
c60eb90d-ab45-4b5a-8e0c-72204fdf4c08:106,Anas strepera,2020-08-05T05:02:05Z,2020-08-05T05:02:05Z,4c03e12a-fc1d-495c-a50d-3eaf5916754d,29b7d356-4bb4-4ec4-b792-2af5cc32efa8
c60eb90d-ab45-4b5a-8e0c-72204fdf4c08:107,Anas strepera,2020-08-05T05:02:05Z,2020-08-05T05:02:05Z,4c03e12a-fc1d-495c-a50d-3eaf5916754d,29b7d356-4bb4-4ec4-b792-2af5cc32efa8
c60eb90d-ab45-4b5a-8e0c-72204fdf4c08:108,Anas strepera,2020-08-05T05:02:06Z,2020-08-05T05:02:06Z,4c03e12a-fc1d-495c-a50d-3eaf5916754d,29b7d356-4bb4-4ec4-b792-2af5cc32efa8
c60eb90d-ab45-4b5a-8e0c-72204fdf4c08:109,Anas strepera,2020-08-05T05:02:06Z,2020-08-05T05:02:06Z,4c03e12a-fc1d-495c-a50d-3eaf5916754d,29b7d356-4bb4-4ec4-b792-2af5cc32efa8
c60eb90d-ab45-4b5a-8e0c-72204fdf4c08:110,Anas strepera,2020-08-05T05:02:07Z,2020-08-05T05:02:07Z,4c03e12a-fc1d-495c-a50d-3eaf5916754d,29b7d356-4bb4-4ec4-b792-2af5cc32efa8
00d6726c-755a-46d2-b424-f0b4a3a6f26a:111,,2020-08-08T04:20:35Z,2020-08-08T04:20:35Z,38c4c1c6-1810-4347-a1d6-339709563ffd,29b7d356-4bb4-4ec4-b792-2af5cc32efa8
00d6726c-755a-46d2-b424-f0b4a3a6f26a:112,,2020-08-08T04:20:35Z,2020-08-08T04:20:35Z,38c4c1c6-1810-4347-a1d6-339709563ffd,29b7d356-4bb4-4ec4-b792-2af5cc32efa8
00d6726c-755a-46d2-b424-f0b4a3a6f26a:113,,2020-08-08T04:20:36Z,2020-08-08T04:20:36Z,38c4c1c6-1810-4347-a1d6-339709563ffd,29b7d356-4bb4-4ec4-b792-2af5cc32efa8
00d6726c-755a-46d2-b424-f0b4a3a6f26a:114,,2020-08-08T04:20:37Z,2020-08-08T04:20:37Z,38c4c1c6-1810-4347-a1d6-339709563ffd,29b7d356-4bb4-4ec4-b792-2af5cc32efa8
00d6726c-755a-46d2-b424-f0b4a3a6f26a:115,,2020-08-08T04:20:37Z,2020-08-08T04:20:37Z,38c4c1c6-1810-4347-a1d6-339709563ffd,29b7d356-4bb4-4ec4-b792-2af5cc32efa8
00d6726c-755a-46d2-b424-f0b4a3a6f26a:116,,2020-08-08T04:20:38Z,2020-08-08T04:20:38Z,38c4c1c6-1810-4347-a1d6-339709563ffd,29b7d356-4bb4-4ec4-b792-2af5cc32efa8
00d6726c-755a-46d2-b424-f0b4a3a6f26a:117,,2020-08-08T04:20:38Z,2020-08-08T04:20:38Z,38c4c1c6-1810-4347-a1d6-339709563ffd,29b7d356-4bb4-4ec4-b792-2af5cc32efa8
00d6726c-755a-46d2-b424-f0b4a3a6f26a:118,,2020-08-08T04:20:39Z,2020-08-08T04:20:39Z,38c4c1c6-1810-4347-a1d6-339709563ffd,29b7d356-4bb4-4ec4-b792-2af5cc32efa8
00d6726c-755a-46d2-b424-f0b4a3a6f26a:119,,2020-08-08T04:20:40Z,2020-08-08T04:20:40Z,38c4c1c6-1810-4347-a1d6-339709563ffd,29b7d356-4bb4-4ec4-b792-2af5cc32efa8
00d6726c-755a-46d2-b424-f0b4a3a6f26a:120,,2020-08-08T04:20:40Z,2020-08-08T04:20:40Z,38c4c1c6-1810-4347-a1d6-339709563ffd,29b7d356-4bb4-4ec4-b792-2af5cc32efa8
0d3e96d8-d24d-476b-a76e-11bda9170f95:121,,2020-06-19T21:00:00Z,2020-06-19T21:00:00Z,8f779513-7c73-487a-a7ee-e4741909a657,577b543a-2cf1-4b23-b6d2-cda7e2eac372
7e29c71f-4bd3-441f-b711-127944d7b8e0:122,,2020-06-19T22:00:00Z,2020-06-19T22:00:00Z,a80896b5-74f3-4f4c-a364-a4175e83aad0,577b543a-2cf1-4b23-b6d2-cda7e2eac372
78a45ae5-992b-4324-8e1e-de1e63088269:123,Castor fiber,2020-06-19T22:05:55Z,2020-06-19T22:05:55Z,5fbf69a4-dad8-46a5-89ac-527cfcee99de,577b543a-2cf1-4b23-b6d2-cda7e2eac372
78a45ae5-992b-4324-8e1e-de1e63088269:124,Castor fiber,2020-06-19T22:05:55Z,2020-06-19T22:05:55Z,5fbf69a4-dad8-46a5-89ac-527cfcee99de,577b543a-2cf1-4b23-b6d2-cda7e2eac372
78a45ae5-992b-4324-8e1e-de1e63088269:125,Castor fiber,2020-06-19T22:05:56Z,2020-06-19T22:05:56Z,5fbf69a4-dad8-46a5-89ac-527cfcee99de,577b543a-2cf1-4b23-b6d2-cda7e2eac372
78a45ae5-992b-4324-8e1e-de1e63088269:126,Castor fiber,2020-06-19T22:05:57Z,2020-06-19T22:05:57Z,5fbf69a4-dad8-46a5-89ac-527cfcee99de,577b543a-2cf1-4b23-b6d2-cda7e2eac372
78a45ae5-992b-4324-8e1e-de1e63088269:127,Castor fiber,2020-06-19T22:05:57Z,2020-06-19T22:05:57Z,5fbf69a4-dad8-46a5-89ac-527cfcee99de,577b543a-2cf1-4b23-b6d2-cda7e2eac372
78a45ae5-992b-4324-8e1e-de1e63088269:128,Castor fiber,2020-06-19T22:05:58Z,2020-06-19T22:05:58Z,5fbf69a4-dad8-46a5-89ac-527cfcee99de,577b543a-2cf1-4b23-b6d2-cda7e2eac372
78a45ae5-992b-4324-8e1e-de1e63088269:129,Castor fiber,2020-06-19T22:05:58Z,2020-06-19T22:05:58Z,5fbf69a4-dad8-46a5-89ac-527cfcee99de,577b543a-2cf1-4b23-b6d2-cda7e2eac372
78a45ae5-992b-4324-8e1e-de1e63088269:130,Castor fiber,2020-06-19T22:05:59Z,2020-06-19T22:05:59Z,5fbf69a4-dad8-46a5-89ac-527cfcee99de,577b543a-2cf1-4b23-b6d2-cda7e2eac372
78a45ae5-992b-4324-8e1e-de1e63088269:131,Castor fiber,2020-06-19T22:06:00Z,2020-06-19T22:06:00Z,5fbf69a4-dad8-46a5-89ac-527cfcee99de,577b543a-2cf1-4b23-b6d2-cda7e2eac372
78a45ae5-992b-4324-8e1e-de1e63088269:132,Castor fiber,2020-06-19T22:06:00Z,2020-06-19T22:06:00Z,5fbf69a4-dad8-46a5-89ac-527cfcee99de,577b543a-2cf1-4b23-b6d2-cda7e2eac372
e622b65c-8e09-4e45-ba32-a4c1a6c29fc7:133,Mustela putorius,2020-06-19T22:31:51Z,2020-06-19T22:31:51Z,976129e2-e5bd-48db-aa00-1ce247767f17,577b543a-2cf1-4b23-b6d2-cda7e2eac372
e622b65c-8e09-4e45-ba32-a4c1a6c29fc7:134,Mustela putorius,2020-06-19T22:31:51Z,2020-06-19T22:31:51Z,976129e2-e5bd-48db-aa00-1ce247767f17,577b543a-2cf1-4b23-b6d2-cda7e2eac372
e622b65c-8e09-4e45-ba32-a4c1a6c29fc7:135,Mustela putorius,2020-06-19T22:31:52Z,2020-06-19T22:31:52Z,976129e2-e5bd-48db-aa00-1ce247767f17,577b543a-2cf1-4b23-b6d2-cda7e2eac372
e622b65c-8e09-4e45-ba32-a4c1a6c29fc7:136,Mustela putorius,2020-06-19T22:31:53Z,2020-06-19T22:31:53Z,976129e2-e5bd-48db-aa00-1ce247767f17,577b543a-2cf1-4b23-b6d2-cda7e2eac372
e622b65c-8e09-4e45-ba32-a4c1a6c29fc7:137,Mustela putorius,2020-06-19T22:31:53Z,2020-06-19T22:31:53Z,976129e2-e5bd-48db-aa00-1ce247767f17,577b543a-2cf1-4b23-b6d2-cda7e2eac372
e622b65c-8e09-4e45-ba32-a4c1a6c29fc7:138,Mustela putorius,2020-06-19T22:31:54Z,2020-06-19T22:31:54Z,976129e2-e5bd-48db-aa00-1ce247767f17,577b543a-2cf1-4b23-b6d2-cda7e2eac372
e622b65c-8e09-4e45-ba32-a4c1a6c29fc7:139,Mustela putorius,2020-06-19T22:31:54Z,2020-06-19T22:31:54Z,976129e2-e5bd-48db-aa00-1ce247767f17,577b543a-2cf1-4b23-b6d2-cda7e2eac372
e622b65c-8e09-4e45-ba32-a4c1a6c29fc7:140,Mustela putorius,2020-06-19T22:31:55Z,2020-06-19T22:31:55Z,976129e2-e5bd-48db-aa00-1ce247767f17,577b543a-2cf1-4b23-b6d2-cda7e2eac372
e622b65c-8e09-4e45-ba32-a4c1a6c29fc7:141,Mustela putorius,2020-06-19T22:31:56Z,2020-06-19T22:31:56Z,976129e2-e5bd-48db-aa00-1ce247767f17,577b543a-2cf1-4b23-b6d2-cda7e2eac372
e622b65c-8e09-4e45-ba32-a4c1a6c29fc7:142,Mustela putorius,2020-06-19T22:31:56Z,2020-06-19T22:31:56Z,976129e2-e5bd-48db-aa00-1ce247767f17,577b543a-2cf1-4b23-b6d2-cda7e2eac372
fb662fab-d94e-490e-8b09-a617daab6383:143,Mustela putorius,2020-06-23T23:33:53Z,2020-06-23T23:33:53Z,b4b39b00-94d6-432d-b93e-9dc048f81dd7,577b543a-2cf1-4b23-b6d2-cda7e2eac372
fb662fab-d94e-490e-8b09-a617daab6383:144,Mustela putorius,2020-06-23T23:33:54Z,2020-06-23T23:33:54Z,b4b39b00-94d6-432d-b93e-9dc048f81dd7,577b543a-2cf1-4b23-b6d2-cda7e2eac372
fb662fab-d94e-490e-8b09-a617daab6383:145,Mustela putorius,2020-06-23T23:33:54Z,2020-06-23T23:33:54Z,b4b39b00-94d6-432d-b93e-9dc048f81dd7,577b543a-2cf1-4b23-b6d2-cda7e2eac372
fb662fab-d94e-490e-8b09-a617daab6383:146,Mustela putorius,2020-06-23T23:33:55Z,2020-06-23T23:33:55Z,b4b39b00-94d6-432d-b93e-9dc048f81dd7,577b543a-2cf1-4b23-b6d2-cda7e2eac372
fb662fab-d94e-490e-8b09-a617daab6383:147,Mustela putorius,2020-06-23T23:33:55Z,2020-06-23T23:33:55Z,b4b39b00-94d6-432d-b93e-9dc048f81dd7,577b543a-2cf1-4b23-b6d2-cda7e2eac372
fb662fab-d94e-490e-8b09-a617daab6383:148,Mustela putorius,2020-06-23T23:33:56Z,2020-06-23T23:33:56Z,b4b39b00-94d6-432d-b93e-9dc048f81dd7,577b543a-2cf1-4b23-b6d2-cda7e2eac372
fb662fab-d94e-490e-8b09-a617daab6383:149,Mustela putorius,2020-06-23T23:33:57Z,2020-06-23T23:33:57Z,b4b39b00-94d6-432d-b93e-9dc048f81dd7,577b543a-2cf1-4b23-b6d2-cda7e2eac372
fb662fab-d94e-490e-8b09-a617daab6383:150,Mustela putorius,2020-06-23T23:33:57Z,2020-06-23T23:33:57Z,b4b39b00-94d6-432d-b93e-9dc048f81dd7,577b543a-2cf1-4b23-b6d2-cda7e2eac372
fb662fab-d94e-490e-8b09-a617daab6383:151,Mustela putorius,2020-06-23T23:33:58Z,2020-06-23T23:33:58Z,b4b39b00-94d6-432d-b93e-9dc048f81dd7,577b543a-2cf1-4b23-b6d2-cda7e2eac372
fb662fab-d94e-490e-8b09-a617daab6383:152,Mustela putorius,2020-06-23T23:33:58Z,2020-06-23T23:33:58Z,b4b39b00-94d6-432d-b93e-9dc048f81dd7,577b543a-2cf1-4b23-b6d2-cda7e2eac372
477b2f9d-33b4-47e3-8f8e-91d8247e2c05:153,Vulpes vulpes,2020-06-26T02:09:25Z,2020-06-26T02:09:25Z,75948520-e93a-4405-ab97-2d924c10227b,577b543a-2cf1-4b23-b6d2-cda7e2eac372
477b2f9d-33b4-47e3-8f8e-91d8247e2c05:154,Vulpes vulpes,2020-06-26T02:09:25Z,2020-06-26T02:09:25Z,75948520-e93a-4405-ab97-2d924c10227b,577b543a-2cf1-4b23-b6d2-cda7e2eac372
477b2f9d-33b4-47e3-8f8e-91d8247e2c05:155,Vulpes vulpes,2020-06-26T02:09:26Z,2020-06-26T02:09:26Z,75948520-e93a-4405-ab97-2d924c10227b,577b543a-2cf1-4b23-b6d2-cda7e2eac372
477b2f9d-33b4-47e3-8f8e-91d8247e2c05:156,Vulpes vulpes,2020-06-26T02:09:27Z,2020-06-26T02:09:27Z,75948520-e93a-4405-ab97-2d924c10227b,577b543a-2cf1-4b23-b6d2-cda7e2eac372
477b2f9d-33b4-47e3-8f8e-91d8247e2c05:157,Vulpes vulpes,2020-06-26T02:09:27Z,2020-06-26T02:09:27Z,75948520-e93a-4405-ab97-2d924c10227b,577b543a-2cf1-4b23-b6d2-cda7e2eac372
477b2f9d-33b4-47e3-8f8e-91d8247e2c05:158,Vulpes vulpes,2020-06-26T02:09:28Z,2020-06-26T02:09:28Z,75948520-e93a-4405-ab97-2d924c10227b,577b543a-2cf1-4b23-b6d2-cda7e2eac372
477b2f9d-33b4-47e3-8f8e-91d8247e2c05:159,Vulpes vulpes,2020-06-26T02:09:28Z,2020-06-26T02:09:28Z,75948520-e93a-4405-ab97-2d924c10227b,577b543a-2cf1-4b23-b6d2-cda7e2eac372
477b2f9d-33b4-47e3-8f8e-91d8247e2c05:160,Vulpes vulpes,2020-06-26T02:09:29Z,2020-06-26T02:09:29Z,75948520-e93a-4405-ab97-2d924c10227b,577b543a-2cf1-4b23-b6d2-cda7e2eac372
477b2f9d-33b4-47e3-8f8e-91d8247e2c05:161,Vulpes vulpes,2020-06-26T02:09:30Z,2020-06-26T02:09:30Z,75948520-e93a-4405-ab97-2d924c10227b,577b543a-2cf1-4b23-b6d2-cda7e2eac372
477b2f9d-33b4-47e3-8f8e-91d8247e2c05:162,Vulpes vulpes,2020-06-26T02:09:30Z,2020-06-26T02:09:30Z,75948520-e93a-4405-ab97-2d924c10227b,577b543a-2cf1-4b23-b6d2-cda7e2eac372
dfdc4c48-3702-4650-aa02-3395257fb9b0:163,Martes foina,2020-06-28T22:01:12Z,2020-06-28T22:01:12Z,5be4f4ed-4d2d-41e5-8e8a-a2826a49af4a,577b543a-2cf1-4b23-b6d2-cda7e2eac372
dfdc4c48-3702-4650-aa02-3395257fb9b0:164,Martes foina,2020-06-28T22:01:13Z,2020-06-28T22:01:13Z,5be4f4ed-4d2d-41e5-8e8a-a2826a49af4a,577b543a-2cf1-4b23-b6d2-cda7e2eac372
dfdc4c48-3702-4650-aa02-3395257fb9b0:165,Martes foina,2020-06-28T22:01:13Z,2020-06-28T22:01:13Z,5be4f4ed-4d2d-41e5-8e8a-a2826a49af4a,577b543a-2cf1-4b23-b6d2-cda7e2eac372
dfdc4c48-3702-4650-aa02-3395257fb9b0:166,Martes foina,2020-06-28T22:01:14Z,2020-06-28T22:01:14Z,5be4f4ed-4d2d-41e5-8e8a-a2826a49af4a,577b543a-2cf1-4b23-b6d2-cda7e2eac372
dfdc4c48-3702-4650-aa02-3395257fb9b0:167,Martes foina,2020-06-28T22:01:15Z,2020-06-28T22:01:15Z,5be4f4ed-4d2d-41e5-8e8a-a2826a49af4a,577b543a-2cf1-4b23-b6d2-cda7e2eac372
dfdc4c48-3702-4650-aa02-3395257fb9b0:168,Martes foina,2020-06-28T22:01:15Z,2020-06-28T22:01:15Z,5be4f4ed-4d2d-41e5-8e8a-a2826a49af4a,577b543a-2cf1-4b23-b6d2-cda7e2eac372
dfdc4c48-3702-4650-aa02-3395257fb9b0:169,Martes foina,2020-06-28T22:01:16Z,2020-06-28T22:01:16Z,5be4f4ed-4d2d-41e5-8e8a-a2826a49af4a,577b543a-2cf1-4b23-b6d2-cda7e2eac372
dfdc4c48-3702-4650-aa02-3395257fb9b0:170,Martes foina,2020-06-28T22:01:16Z,2020-06-28T22:01:16Z,5be4f4ed-4d2d-41e5-8e8a-a2826a49af4a,577b543a-2cf1-4b23-b6d2-cda7e2eac372
dfdc4c48-3702-4650-aa02-3395257fb9b0:171,Martes foina,2020-06-28T22:01:17Z,2020-06-28T22:01:17Z,5be4f4ed-4d2d-41e5-8e8a-a2826a49af4a,577b543a-2cf1-4b23-b6d2-cda7e2eac372
dfdc4c48-3702-4650-aa02-3395257fb9b0:172,Martes foina,2020-06-28T22:01:18Z,2020-06-28T22:01:18Z,5be4f4ed-4d2d-41e5-8e8a-a2826a49af4a,577b543a-2cf1-4b23-b6d2-cda7e2eac372
ae1cab0f-e028-4320-91ce-ddb79d9806dd:173,,2020-06-28T23:00:00Z,2020-06-28T23:00:00Z,fcc98f5f-3bae-47d2-a294-c781c3ca7509,577b543a-2cf1-4b23-b6d2-cda7e2eac372
9e191d10-544e-42ea-9935-b55df95a1dd3:174,Mustela putorius,2020-06-28T23:33:16Z,2020-06-28T23:33:16Z,a60816f2-eead-4183-a16b-debbb2a540dd,577b543a-2cf1-4b23-b6d2-cda7e2eac372
9e191d10-544e-42ea-9935-b55df95a1dd3:175,Mustela putorius,2020-06-28T23:33:17Z,2020-06-28T23:33:17Z,a60816f2-eead-4183-a16b-debbb2a540dd,577b543a-2cf1-4b23-b6d2-cda7e2eac372
9e191d10-544e-42ea-9935-b55df95a1dd3:176,Mustela putorius,2020-06-28T23:33:17Z,2020-06-28T23:33:17Z,a60816f2-eead-4183-a16b-debbb2a540dd,577b543a-2cf1-4b23-b6d2-cda7e2eac372
9e191d10-544e-42ea-9935-b55df95a1dd3:177,Mustela putorius,2020-06-28T23:33:18Z,2020-06-28T23:33:18Z,a60816f2-eead-4183-a16b-debbb2a540dd,577b543a-2cf1-4b23-b6d2-cda7e2eac372
9e191d10-544e-42ea-9935-b55df95a1dd3:178,Mustela putorius,2020-06-28T23:33:19Z,2020-06-28T23:33:19Z,a60816f2-eead-4183-a16b-debbb2a540dd,577b543a-2cf1-4b23-b6d2-cda7e2eac372
9e191d10-544e-42ea-9935-b55df95a1dd3:179,Mustela putorius,2020-06-28T23:33:19Z,2020-06-28T23:33:19Z,a60816f2-eead-4183-a16b-debbb2a540dd,577b543a-2cf1-4b23-b6d2-cda7e2eac372
9e191d10-544e-42ea-9935-b55df95a1dd3:180,Mustela putorius,2020-06-28T23:33:20Z,2020-06-28T23:33:20Z,a60816f2-eead-4183-a16b-debbb2a540dd,577b543a-2cf1-4b23-b6d2-cda7e2eac372
9e191d10-544e-42ea-9935-b55df95a1dd3:181,Mustela putorius,2020-06-28T23:33:20Z,2020-06-28T23:33:20Z,a60816f2-eead-4183-a16b-debbb2a540dd,577b543a-2cf1-4b23-b6d2-cda7e2eac372
9e191d10-544e-42ea-9935-b55df95a1dd3:182,Mustela putorius,2020-06-28T23:33:21Z,2020-06-28T23:33:21Z,a60816f2-eead-4183-a16b-debbb2a540dd,577b543a-2cf1-4b23-b6d2-cda7e2eac372
9e191d10-544e-42ea-9935-b55df95a1dd3:183,Mustela putorius,2020-06-28T23:33:22Z,2020-06-28T23:33:22Z,a60816f2-eead-4183-a16b-debbb2a540dd,577b543a-2cf1-4b23-b6d2-cda7e2eac372
a0431321-b705-4598-9f89-47328fc437a9:184,Ardea cinerea,2021-03-27T20:38:18Z,2021-03-27T20:38:18Z,16537357-8942-4206-a74d-1ca4a324c044,62c200a9-0e03-4495-bcd8-032944f6f5a1
a0431321-b705-4598-9f89-47328fc437a9:185,Ardea cinerea,2021-03-27T20:38:18Z,2021-03-27T20:38:18Z,16537357-8942-4206-a74d-1ca4a324c044,62c200a9-0e03-4495-bcd8-032944f6f5a1
a0431321-b705-4598-9f89-47328fc437a9:186,Ardea cinerea,2021-03-27T20:38:19Z,2021-03-27T20:38:19Z,16537357-8942-4206-a74d-1ca4a324c044,62c200a9-0e03-4495-bcd8-032944f6f5a1
a0431321-b705-4598-9f89-47328fc437a9:187,Ardea cinerea,2021-03-27T20:38:20Z,2021-03-27T20:38:20Z,16537357-8942-4206-a74d-1ca4a324c044,62c200a9-0e03-4495-bcd8-032944f6f5a1
a0431321-b705-4598-9f89-47328fc437a9:188,Ardea cinerea,2021-03-27T20:38:20Z,2021-03-27T20:38:20Z,16537357-8942-4206-a74d-1ca4a324c044,62c200a9-0e03-4495-bcd8-032944f6f5a1
a0431321-b705-4598-9f89-47328fc437a9:189,Ardea cinerea,2021-03-27T20:38:21Z,2021-03-27T20:38:21Z,16537357-8942-4206-a74d-1ca4a324c044,62c200a9-0e03-4495-bcd8-032944f6f5a1
a0431321-b705-4598-9f89-47328fc437a9:190,Ardea cinerea,2021-03-27T20:38:21Z,2021-03-27T20:38:21Z,16537357-8942-4206-a74d-1ca4a324c044,62c200a9-0e03-4495-bcd8-032944f6f5a1
a0431321-b705-4598-9f89-47328fc437a9:191,Ardea cinerea,2021-03-27T20:38:22Z,2021-03-27T20:38:22Z,16537357-8942-4206-a74d-1ca4a324c044,62c200a9-0e03-4495-bcd8-032944f6f5a1
a0431321-b705-4598-9f89-47328fc437a9:192,Ardea cinerea,2021-03-27T20:38:23Z,2021-03-27T20:38:23Z,16537357-8942-4206-a74d-1ca4a324c044,62c200a9-0e03-4495-bcd8-032944f6f5a1
a0431321-b705-4598-9f89-47328fc437a9:193,Ardea cinerea,2021-03-27T20:38:23Z,2021-03-27T20:38:23Z,16537357-8942-4206-a74d-1ca4a324c044,62c200a9-0e03-4495-bcd8-032944f6f5a1
e5690234-0644-42cd-be96-dcc69939c68d:seq:194,,2021-03-31T22:59:15Z,2021-03-31T22:59:15Z,e5690234-0644-42cd-be96-dcc69939c68d,62c200a9-0e03-4495-bcd8-032944f6f5a1
e5690234-0644-42cd-be96-dcc69939c68d:seq:195,,2021-03-31T22:59:16Z,2021-03-31T22:59:16Z,e5690234-0644-42cd-be96-dcc69939c68d,62c200a9-0e03-4495-bcd8-032944f6f5a1
e5690234-0644-42cd-be96-dcc69939c68d:seq:196,,2021-03-31T22:59:16Z,2021-03-31T22:59:16Z,e5690234-0644-42cd-be96-dcc69939c68d,62c200a9-0e03-4495-bcd8-032944f6f5a1
e5690234-0644-42cd-be96-dcc69939c68d:seq:197,,2021-03-31T22:59:17Z,2021-03-31T22:59:17Z,e5690234-0644-42cd-be96-dcc69939c68d,62c200a9-0e03-4495-bcd8-032944f6f5a1
e5690234-0644-42cd-be96-dcc69939c68d:seq:198,,2021-03-31T22:59:18Z,2021-03-31T22:59:18Z,e5690234-0644-42cd-be96-dcc69939c68d,62c200a9-0e03-4495-bcd8-032944f6f5a1
e5690234-0644-42cd-be96-dcc69939c68d:seq:199,,2021-03-31T22:59:18Z,2021-03-31T22:59:18Z,e5690234-0644-42cd-be96-dcc69939c68d,62c200a9-0e03-4495-bcd8-032944f6f5a1
e5690234-0644-42cd-be96-dcc69939c68d:seq:200,,2021-03-31T22:59:19Z,2021-03-31T22:59:19Z,e5690234-0644-42cd-be96-dcc69939c68d,62c200a9-0e03-4495-bcd8-032944f6f5a1
e5690234-0644-42cd-be96-dcc69939c68d:seq:201,,2021-03-31T22:59:19Z,2021-03-31T22:59:19Z,e5690234-0644-42cd-be96-dcc69939c68d,62c200a9-0e03-4495-bcd8-032944f6f5a1
e5690234-0644-42cd-be96-dcc69939c68d:seq:202,,2021-03-31T22:59:20Z,2021-03-31T22:59:20Z,e5690234-0644-42cd-be96-dcc69939c68d,62c200a9-0e03-4495-bcd8-032944f6f5a1
e5690234-0644-42cd-be96-dcc69939c68d:seq:203,,2021-03-31T22:59:21Z,2021-03-31T22:59:21Z,e5690234-0644-42cd-be96-dcc69939c68d,62c200a9-0e03-4495-bcd8-032944f6f5a1
cb30a896-50c2-473e-9985-0c0c5b468bd0:204,Ardea,2021-04-05T19:08:33Z,2021-04-05T19:08:33Z,4dcacd8f-a5f3-4acc-89f9-9aaf3d385ef8,62c200a9-0e03-4495-bcd8-032944f6f5a1
cb30a896-50c2-473e-9985-0c0c5b468bd0:205,Ardea,2021-04-05T19:08:34Z,2021-04-05T19:08:34Z,4dcacd8f-a5f3-4acc-89f9-9aaf3d385ef8,62c200a9-0e03-4495-bcd8-032944f6f5a1
cb30a896-50c2-473e-9985-0c0c5b468bd0:206,Ardea,2021-04-05T19:08:34Z,2021-04-05T19:08:34Z,4dcacd8f-a5f3-4acc-89f9-9aaf3d385ef8,62c200a9-0e03-4495-bcd8-032944f6f5a1
cb30a896-50c2-473e-9985-0c0c5b468bd0:207,Ardea,2021-04-05T19:08:35Z,2021-04-05T19:08:35Z,4dcacd8f-a5f3-4acc-89f9-9aaf3d385ef8,62c200a9-0e03-4495-bcd8-032944f6f5a1
cb30a896-50c2-473e-9985-0c0c5b468bd0:208,Ardea,2021-04-05T19:08:35Z,2021-04-05T19:08:35Z,4dcacd8f-a5f3-4acc-89f9-9aaf3d385ef8,62c200a9-0e03-4495-bcd8-032944f6f5a1
cb30a896-50c2-473e-9985-0c0c5b468bd0:209,Ardea,2021-04-05T19:08:36Z,2021-04-05T19:08:36Z,4dcacd8f-a5f3-4acc-89f9-9aaf3d385ef8,62c200a9-0e03-4495-bcd8-032944f6f5a1
cb30a896-50c2-473e-9985-0c0c5b468bd0:210,Ardea,2021-04-05T19:08:37Z,2021-04-05T19:08:37Z,4dcacd8f-a5f3-4acc-89f9-9aaf3d385ef8,62c200a9-0e03-4495-bcd8-032944f6f5a1
cb30a896-50c2-473e-9985-0c0c5b468bd0:211,Ardea,2021-04-05T19:08:37Z,2021-04-05T19:08:37Z,4dcacd8f-a5f3-4acc-89f9-9aaf3d385ef8,62c200a9-0e03-4495-bcd8-032944f6f5a1
cb30a896-50c2-473e-9985-0c0c5b468bd0:212,Ardea,2021-04-05T19:08:38Z,2021-04-05T19:08:38Z,4dcacd8f-a5f3-4acc-89f9-9aaf3d385ef8,62c200a9-0e03-4495-bcd8-032944f6f5a1
cb30a896-50c2-473e-9985-0c0c5b468bd0:213,Ardea,2021-04-05T19:08:38Z,2021-04-05T19:08:38Z,4dcacd8f-a5f3-4acc-89f9-9aaf3d385ef8,62c200a9-0e03-4495-bcd8-032944f6f5a1
bb027d7e-5801-4e70-950f-1f1972046962:214,Ardea,2021-04-11T19:43:09Z,2021-04-11T19:43:09Z,7245a2aa-e2cf-4bd0-9052-9c7b2ddd9aad,62c200a9-0e03-4495-bcd8-032944f6f5a1
bb027d7e-5801-4e70-950f-1f1972046962:215,Ardea,2021-04-11T19:43:10Z,2021-04-11T19:43:10Z,7245a2aa-e2cf-4bd0-9052-9c7b2ddd9aad,62c200a9-0e03-4495-bcd8-032944f6f5a1
bb027d7e-5801-4e70-950f-1f1972046962:216,Ardea,2021-04-11T19:43:10Z,2021-04-11T19:43:10Z,7245a2aa-e2cf-4bd0-9052-9c7b2ddd9aad,62c200a9-0e03-4495-bcd8-032944f6f5a1
bb027d7e-5801-4e70-950f-1f1972046962:217,Ardea,2021-04-11T19:43:11Z,2021-04-11T19:43:11Z,7245a2aa-e2cf-4bd0-9052-9c7b2ddd9aad,62c200a9-0e03-4495-bcd8-032944f6f5a1
bb027d7e-5801-4e70-950f-1f1972046962:218,Ardea,2021-04-11T19:43:12Z,2021-04-11T19:43:12Z,7245a2aa-e2cf-4bd0-9052-9c7b2ddd9aad,62c200a9-0e03-4495-bcd8-032944f6f5a1
bb027d7e-5801-4e70-950f-1f1972046962:219,Ardea,2021-04-11T19:43:12Z,2021-04-11T19:43:12Z,7245a2aa-e2cf-4bd0-9052-9c7b2ddd9aad,62c200a9-0e03-4495-bcd8-032944f6f5a1
bb027d7e-5801-4e70-950f-1f1972046962:220,Ardea,2021-04-11T19:43:13Z,2021-04-11T19:43:13Z,7245a2aa-e2cf-4bd0-9052-9c7b2ddd9aad,62c200a9-0e03-4495-bcd8-032944f6f5a1
bb027d7e-5801-4e70-950f-1f1972046962:221,Ardea,2021-04-11T19:43:13Z,2021-04-11T19:43:13Z,7245a2aa-e2cf-4bd0-9052-9c7b2ddd9aad,62c200a9-0e03-4495-bcd8-032944f6f5a1
bb027d7e-5801-4e70-950f-1f1972046962:222,Ardea,2021-04-11T19:43:14Z,2021-04-11T19:43:14Z,7245a2aa-e2cf-4bd0-9052-9c7b2ddd9aad,62c200a9-0e03-4495-bcd8-032944f6f5a1
bb027d7e-5801-4e70-950f-1f1972046962:223,Ardea,2021-04-11T19:43:15Z,2021-04-11T19:43:15Z,7245a2aa-e2cf-4bd0-9052-9c7b2ddd9aad,62c200a9-0e03-4495-bcd8-032944f6f5a1
962dff14-1233-4ed1-ac89-7baf54bc19e7:seq:224,,2021-04-18T21:24:42Z,2021-04-18T21:24:42Z,962dff14-1233-4ed1-ac89-7baf54bc19e7,62c200a9-0e03-4495-bcd8-032944f6f5a1
962dff14-1233-4ed1-ac89-7baf54bc19e7:seq:225,,2021-04-18T21:24:44Z,2021-04-18T21:24:44Z,962dff14-1233-4ed1-ac89-7baf54bc19e7,62c200a9-0e03-4495-bcd8-032944f6f5a1
962dff14-1233-4ed1-ac89-7baf54bc19e7:seq:226,,2021-04-18T21:24:45Z,2021-04-18T21:24:45Z,962dff14-1233-4ed1-ac89-7baf54bc19e7,62c200a9-0e03-4495-bcd8-032944f6f5a1
962dff14-1233-4ed1-ac89-7baf54bc19e7:seq:227,,2021-04-18T21:24:46Z,2021-04-18T21:24:46Z,962dff14-1233-4ed1-ac89-7baf54bc19e7,62c200a9-0e03-4495-bcd8-032944f6f5a1
962dff14-1233-4ed1-ac89-7baf54bc19e7:seq:228,,2021-04-18T21:24:47Z,2021-04-18T21:24:47Z,962dff14-1233-4ed1-ac89-7baf54bc19e7,62c200a9-0e03-4495-bcd8-032944f6f5a1
962dff14-1233-4ed1-ac89-7baf54bc19e7:seq:229,,2021-04-18T21:24:47Z,2021-04-18T21:24:47Z,962dff14-1233-4ed1-ac89-7baf54bc19e7,62c200a9-0e03-4495-bcd8-032944f6f5a1
962dff14-1233-4ed1-ac89-7baf54bc19e7:seq:230,,2021-04-18T21:24:48Z,2021-04-18T21:24:48Z,962dff14-1233-4ed1-ac89-7baf54bc19e7,62c200a9-0e03-4495-bcd8-032944f6f5a1
962dff14-1233-4ed1-ac89-7baf54bc19e7:seq:231,,2021-04-18T21:24:48Z,2021-04-18T21:24:48Z,962dff14-1233-4ed1-ac89-7baf54bc19e7,62c200a9-0e03-4495-bcd8-032944f6f5a1
962dff14-1233-4ed1-ac89-7baf54bc19e7:seq:232,,2021-04-18T21:24:49Z,2021-04-18T21:24:49Z,962dff14-1233-4ed1-ac89-7baf54bc19e7,62c200a9-0e03-4495-bcd8-032944f6f5a1
962dff14-1233-4ed1-ac89-7baf54bc19e7:seq:233,,2021-04-18T21:24:50Z,2021-04-18T21:24:50Z,962dff14-1233-4ed1-ac89-7baf54bc19e7,62c200a9-0e03-4495-bcd8-032944f6f5a1
962dff14-1233-4ed1-ac89-7baf54bc19e7:seq:234,,2021-04-18T21:24:52Z,2021-04-18T21:24:52Z,962dff14-1233-4ed1-ac89-7baf54bc19e7,62c200a9-0e03-4495-bcd8-032944f6f5a1
962dff14-1233-4ed1-ac89-7baf54bc19e7:seq:235,,2021-04-18T21:24:53Z,2021-04-18T21:24:53Z,962dff14-1233-4ed1-ac89-7baf54bc19e7,62c200a9-0e03-4495-bcd8-032944f6f5a1
962dff14-1233-4ed1-ac89-7baf54bc19e7:seq:236,,2021-04-18T21:24:55Z,2021-04-18T21:24:55Z,962dff14-1233-4ed1-ac89-7baf54bc19e7,62c200a9-0e03-4495-bcd8-032944f6f5a1
962dff14-1233-4ed1-ac89-7baf54bc19e7:seq:237,,2021-04-18T21:24:56Z,2021-04-18T21:24:56Z,962dff14-1233-4ed1-ac89-7baf54bc19e7,62c200a9-0e03-4495-bcd8-032944f6f5a1
962dff14-1233-4ed1-ac89-7baf54bc19e7:seq:238,,2021-04-18T21:24:56Z,2021-04-18T21:24:56Z,962dff14-1233-4ed1-ac89-7baf54bc19e7,62c200a9-0e03-4495-bcd8-032944f6f5a1
962dff14-1233-4ed1-ac89-7baf54bc19e7:seq:239,,2021-04-18T21:24:57Z,2021-04-18T21:24:57Z,962dff14-1233-4ed1-ac89-7baf54bc19e7,62c200a9-0e03-4495-bcd8-032944f6f5a1
962dff14-1233-4ed1-ac89-7baf54bc19e7:seq:240,,2021-04-18T21:24:58Z,2021-04-18T21:24:58Z,962dff14-1233-4ed1-ac89-7baf54bc19e7,62c200a9-0e03-4495-bcd8-032944f6f5a1
962dff14-1233-4ed1-ac89-7baf54bc19e7:seq:241,,2021-04-18T21:24:59Z,2021-04-18T21:24:59Z,962dff14-1233-4ed1-ac89-7baf54bc19e7,62c200a9-0e03-4495-bcd8-032944f6f5a1
962dff14-1233-4ed1-ac89-7baf54bc19e7:seq:242,,2021-04-18T21:25:00Z,2021-04-18T21:25:00Z,962dff14-1233-4ed1-ac89-7baf54bc19e7,62c200a9-0e03-4495-bcd8-032944f6f5a1
962dff14-1233-4ed1-ac89-7baf54bc19e7:seq:243,,2021-04-18T21:25:00Z,2021-04-18T21:25:00Z,962dff14-1233-4ed1-ac89-7baf54bc19e7,62c200a9-0e03-4495-bcd8-032944f6f5a1
a920d76c-4e93-497b-b14b-e1322641784e:244,,2019-10-09T13:18:07Z,2019-10-09T13:18:07Z,047d636f-a247-4fcc-bc99-400b2228699f,7ca633fa-64f8-4cfc-a628-6b0c419056d7
a920d76c-4e93-497b-b14b-e1322641784e:245,,2019-10-09T13:18:09Z,2019-10-09T13:18:09Z,047d636f-a247-4fcc-bc99-400b2228699f,7ca633fa-64f8-4cfc-a628-6b0c419056d7
a920d76c-4e93-497b-b14b-e1322641784e:246,,2019-10-09T13:18:11Z,2019-10-09T13:18:11Z,047d636f-a247-4fcc-bc99-400b2228699f,7ca633fa-64f8-4cfc-a628-6b0c419056d7
a920d76c-4e93-497b-b14b-e1322641784e:247,,2019-10-09T13:18:12Z,2019-10-09T13:18:12Z,047d636f-a247-4fcc-bc99-400b2228699f,7ca633fa-64f8-4cfc-a628-6b0c419056d7
a920d76c-4e93-497b-b14b-e1322641784e:248,,2019-10-09T13:18:14Z,2019-10-09T13:18:14Z,047d636f-a247-4fcc-bc99-400b2228699f,7ca633fa-64f8-4cfc-a628-6b0c419056d7
a920d76c-4e93-497b-b14b-e1322641784e:249,,2019-10-09T13:18:17Z,2019-10-09T13:18:17Z,047d636f-a247-4fcc-bc99-400b2228699f,7ca633fa-64f8-4cfc-a628-6b0c419056d7
a920d76c-4e93-497b-b14b-e1322641784e:250,,2019-10-09T13:18:22Z,2019-10-09T13:18:22Z,047d636f-a247-4fcc-bc99-400b2228699f,7ca633fa-64f8-4cfc-a628-6b0c419056d7
a920d76c-4e93-497b-b14b-e1322641784e:251,,2019-10-09T13:18:24Z,2019-10-09T13:18:24Z,047d636f-a247-4fcc-bc99-400b2228699f,7ca633fa-64f8-4cfc-a628-6b0c419056d7
a920d76c-4e93-497b-b14b-e1322641784e:252,,2019-10-09T13:18:27Z,2019-10-09T13:18:27Z,047d636f-a247-4fcc-bc99-400b2228699f,7ca633fa-64f8-4cfc-a628-6b0c419056d7
a920d76c-4e93-497b-b14b-e1322641784e:253,,2019-10-09T13:18:27Z,2019-10-09T13:18:27Z,047d636f-a247-4fcc-bc99-400b2228699f,7ca633fa-64f8-4cfc-a628-6b0c419056d7
a920d76c-4e93-497b-b14b-e1322641784e:254,,2019-10-09T13:19:00Z,2019-10-09T13:19:00Z,047d636f-a247-4fcc-bc99-400b2228699f,7ca633fa-64f8-4cfc-a628-6b0c419056d7
a920d76c-4e93-497b-b14b-e1322641784e:255,,2019-10-09T13:19:01Z,2019-10-09T13:19:01Z,047d636f-a247-4fcc-bc99-400b2228699f,7ca633fa-64f8-4cfc-a628-6b0c419056d7
a920d76c-4e93-497b-b14b-e1322641784e:256,,2019-10-09T13:19:02Z,2019-10-09T13:19:02Z,047d636f-a247-4fcc-bc99-400b2228699f,7ca633fa-64f8-4cfc-a628-6b0c419056d7
a920d76c-4e93-497b-b14b-e1322641784e:257,,2019-10-09T13:19:03Z,2019-10-09T13:19:03Z,047d636f-a247-4fcc-bc99-400b2228699f,7ca633fa-64f8-4cfc-a628-6b0c419056d7
a920d76c-4e93-497b-b14b-e1322641784e:258,,2019-10-09T13:19:03Z,2019-10-09T13:19:03Z,047d636f-a247-4fcc-bc99-400b2228699f,7ca633fa-64f8-4cfc-a628-6b0c419056d7
a920d76c-4e93-497b-b14b-e1322641784e:259,,2019-10-09T13:19:04Z,2019-10-09T13:19:04Z,047d636f-a247-4fcc-bc99-400b2228699f,7ca633fa-64f8-4cfc-a628-6b0c419056d7
a920d76c-4e93-497b-b14b-e1322641784e:260,,2019-10-09T13:19:04Z,2019-10-09T13:19:04Z,047d636f-a247-4fcc-bc99-400b2228699f,7ca633fa-64f8-4cfc-a628-6b0c419056d7
a920d76c-4e93-497b-b14b-e1322641784e:261,,2019-10-09T13:19:05Z,2019-10-09T13:19:05Z,047d636f-a247-4fcc-bc99-400b2228699f,7ca633fa-64f8-4cfc-a628-6b0c419056d7
a920d76c-4e93-497b-b14b-e1322641784e:262,,2019-10-09T13:19:06Z,2019-10-09T13:19:06Z,047d636f-a247-4fcc-bc99-400b2228699f,7ca633fa-64f8-4cfc-a628-6b0c419056d7
a920d76c-4e93-497b-b14b-e1322641784e:263,,2019-10-09T13:19:06Z,2019-10-09T13:19:06Z,047d636f-a247-4fcc-bc99-400b2228699f,7ca633fa-64f8-4cfc-a628-6b0c419056d7
c072cd03-0af5-429b-8d84-b7709d61a6c6:264,Homo sapiens,2019-10-23T10:19:44Z,2019-10-23T10:19:44Z,88455b8a-eebe-4f52-9884-639e513378fa,7ca633fa-64f8-4cfc-a628-6b0c419056d7
c072cd03-0af5-429b-8d84-b7709d61a6c6:265,Homo sapiens,2019-10-23T10:19:45Z,2019-10-23T10:19:45Z,88455b8a-eebe-4f52-9884-639e513378fa,7ca633fa-64f8-4cfc-a628-6b0c419056d7
c072cd03-0af5-429b-8d84-b7709d61a6c6:266,Homo sapiens,2019-10-23T10:19:46Z,2019-10-23T10:19:46Z,88455b8a-eebe-4f52-9884-639e513378fa,7ca633fa-64f8-4cfc-a628-6b0c419056d7
c072cd03-0af5-429b-8d84-b7709d61a6c6:267,Homo sapiens,2019-10-23T10:19:46Z,2019-10-23T10:19:46Z,88455b8a-eebe-4f52-9884-639e513378fa,7ca633fa-64f8-4cfc-a628-6b0c419056d7
c072cd03-0af5-429b-8d84-b7709d61a6c6:268,Homo sapiens,2019-10-23T10:19:47Z,2019-10-23T10:19:47Z,88455b8a-eebe-4f52-9884-639e513378fa,7ca633fa-64f8-4cfc-a628-6b0c419056d7
c072cd03-0af5-429b-8d84-b7709d61a6c6:269,Homo sapiens,2019-10-23T10:19:47Z,2019-10-23T10:19:47Z,88455b8a-eebe-4f52-9884-639e513378fa,7ca633fa-64f8-4cfc-a628-6b0c419056d7
c072cd03-0af5-429b-8d84-b7709d61a6c6:270,Homo sapiens,2019-10-23T10:19:48Z,2019-10-23T10:19:48Z,88455b8a-eebe-4f52-9884-639e513378fa,7ca633fa-64f8-4cfc-a628-6b0c419056d7
c072cd03-0af5-429b-8d84-b7709d61a6c6:271,Homo sapiens,2019-10-23T10:19:49Z,2019-10-23T10:19:49Z,88455b8a-eebe-4f52-9884-639e513378fa,7ca633fa-64f8-4cfc-a628-6b0c419056d7
c072cd03-0af5-429b-8d84-b7709d61a6c6:272,Homo sapiens,2019-10-23T10:19:49Z,2019-10-23T10:19:49Z,88455b8a-eebe-4f52-9884-639e513378fa,7ca633fa-64f8-4cfc-a628-6b0c419056d7
c072cd03-0af5-429b-8d84-b7709d61a6c6:273,Homo sapiens,2019-10-23T10:19:50Z,2019-10-23T10:19:50Z,88455b8a-eebe-4f52-9884-639e513378fa,7ca633fa-64f8-4cfc-a628-6b0c419056d7
f06a8237-cdb0-4d3d-80ce-b35d52a4d7c6:274,,2019-10-23T11:59:56Z,2019-10-23T11:59:56Z,efce023e-7cd4-4c5a-87f4-2731a80419c5,7ca633fa-64f8-4cfc-a628-6b0c419056d7
f06a8237-cdb0-4d3d-80ce-b35d52a4d7c6:275,,2019-10-23T11:59:58Z,2019-10-23T11:59:58Z,efce023e-7cd4-4c5a-87f4-2731a80419c5,7ca633fa-64f8-4cfc-a628-6b0c419056d7
f06a8237-cdb0-4d3d-80ce-b35d52a4d7c6:276,,2019-10-23T11:59:59Z,2019-10-23T11:59:59Z,efce023e-7cd4-4c5a-87f4-2731a80419c5,7ca633fa-64f8-4cfc-a628-6b0c419056d7
f06a8237-cdb0-4d3d-80ce-b35d52a4d7c6:277,,2019-10-23T12:00:02Z,2019-10-23T12:00:02Z,efce023e-7cd4-4c5a-87f4-2731a80419c5,7ca633fa-64f8-4cfc-a628-6b0c419056d7
f06a8237-cdb0-4d3d-80ce-b35d52a4d7c6:278,,2019-10-23T12:00:04Z,2019-10-23T12:00:04Z,efce023e-7cd4-4c5a-87f4-2731a80419c5,7ca633fa-64f8-4cfc-a628-6b0c419056d7
f06a8237-cdb0-4d3d-80ce-b35d52a4d7c6:279,,2019-10-23T12:00:04Z,2019-10-23T12:00:04Z,efce023e-7cd4-4c5a-87f4-2731a80419c5,7ca633fa-64f8-4cfc-a628-6b0c419056d7
f06a8237-cdb0-4d3d-80ce-b35d52a4d7c6:280,,2019-10-23T12:00:08Z,2019-10-23T12:00:08Z,efce023e-7cd4-4c5a-87f4-2731a80419c5,7ca633fa-64f8-4cfc-a628-6b0c419056d7
f06a8237-cdb0-4d3d-80ce-b35d52a4d7c6:281,,2019-10-23T12:00:11Z,2019-10-23T12:00:11Z,efce023e-7cd4-4c5a-87f4-2731a80419c5,7ca633fa-64f8-4cfc-a628-6b0c419056d7
f06a8237-cdb0-4d3d-80ce-b35d52a4d7c6:282,,2019-10-23T12:00:15Z,2019-10-23T12:00:15Z,efce023e-7cd4-4c5a-87f4-2731a80419c5,7ca633fa-64f8-4cfc-a628-6b0c419056d7
f06a8237-cdb0-4d3d-80ce-b35d52a4d7c6:283,,2019-10-23T12:00:16Z,2019-10-23T12:00:16Z,efce023e-7cd4-4c5a-87f4-2731a80419c5,7ca633fa-64f8-4cfc-a628-6b0c419056d7
