observationID,scientificName,minTimestamp,maxTimestamp,deploymentID
ef2f7140-ae97-4b44-8309-ab1ffbc02879,,2020-07-29T05:29:41Z,2020-07-29T05:29:41Z,29b7d356-4bb4-4ec4-b792-2af5cc32efa8
ef2f7140-ae97-4b44-8309-ab1ffbc02879,,2020-07-29T05:29:42Z,2020-07-29T05:29:42Z,29b7d356-4bb4-4ec4-b792-2af5cc32efa8
ef2f7140-ae97-4b44-8309-ab1ffbc02879,,2020-07-29T05:29:43Z,2020-07-29T05:29:43Z,29b7d356-4bb4-4ec4-b792-2af5cc32efa8
ef2f7140-ae97-4b44-8309-ab1ffbc02879,,2020-07-29T05:29:43Z,2020-07-29T05:29:43Z,29b7d356-4bb4-4ec4-b792-2af5cc32efa8
ef2f7140-ae97-4b44-8309-ab1ffbc02879,,2020-07-29T05:29:44Z,2020-07-29T05:29:44Z,29b7d356-4bb4-4ec4-b792-2af5cc32efa8
ef2f7140-ae97-4b44-8309-ab1ffbc02879,,2020-07-29T05:29:44Z,2020-07-29T05:29:44Z,29b7d356-4bb4-4ec4-b792-2af5cc32efa8
ef2f7140-ae97-4b44-8309-ab1ffbc02879,,2020-07-29T05:29:45Z,2020-07-29T05:29:45Z,29b7d356-4bb4-4ec4-b792-2af5cc32efa8
ef2f7140-ae97-4b44-8309-ab1ffbc02879,,2020-07-29T05:29:46Z,2020-07-29T05:29:46Z,29b7d356-4bb4-4ec4-b792-2af5cc32efa8
ef2f7140-ae97-4b44-8309-ab1ffbc02879,,2020-07-29T05:29:46Z,2020-07-29T05:29:46Z,29b7d356-4bb4-4ec4-b792-2af5cc32efa8
ef2f7140-ae97-4b44-8309-ab1ffbc02879,,2020-07-29T05:29:47Z,2020-07-29T05:29:47Z,29b7d356-4bb4-4ec4-b792-2af5cc32efa8
68686a75-ad44-4676-b45e-2b85f60e4d11,,2020-07-29T05:38:55Z,2020-07-29T05:38:55Z,29b7d356-4bb4-4ec4-b792-2af5cc32efa8
68686a75-ad44-4676-b45e-2b85f60e4d11,,2020-07-29T05:38:55Z,2020-07-29T05:38:55Z,29b7d356-4bb4-4ec4-b792-2af5cc32efa8
68686a75-ad44-4676-b45e-2b85f60e4d11,,2020-07-29T05:38:56Z,2020-07-29T05:38:56Z,29b7d356-4bb4-4ec4-b792-2af5cc32efa8
68686a75-ad44-4676-b45e-2b85f60e4d11,,2020-07-29T05:38:56Z,2020-07-29T05:38:56Z,29b7d356-4bb4-4ec4-b792-2af5cc32efa8
68686a75-ad44-4676-b45e-2b85f60e4d11,,2020-07-29T05:38:57Z,2020-07-29T05:38:57Z,29b7d356-4bb4-4ec4-b792-2af5cc32efa8
68686a75-ad44-4676-b45e-2b85f60e4d11,,2020-07-29T05:38:58Z,2020-07-29T05:38:58Z,29b7d356-4bb4-4ec4-b792-2af5cc32efa8
68686a75-ad44-4676-b45e-2b85f60e4d11,,2020-07-29T05:38:58Z,2020-07-29T05:38:58Z,29b7d356-4bb4-4ec4-b792-2af5cc32efa8
68686a75-ad44-4676-b45e-2b85f60e4d11,,2020-07-29T05:38:59Z,2020-07-29T05:38:59Z,29b7d356-4bb4-4ec4-b792-2af5cc32efa8
68686a75-ad44-4676-b45e-2b85f60e4d11,,2020-07-29T05:38:59Z,2020-07-29T05:38:59Z,29b7d356-4bb4-4ec4-b792-2af5cc32efa8
68686a75-ad44-4676-b45e-2b85f60e4d11,,2020-07-29T05:39:00Z,2020-07-29T05:39:00Z,29b7d356-4bb4-4ec4-b792-2af5cc32efa8
3d065f23-426a-449b-8693-f3c6b2ac9c7a,Anas strepera,2020-07-29T05:46:48Z,2020-07-29T05:46:48Z,29b7d356-4bb4-4ec4-b792-2af5cc32efa8
3d065f23-426a-449b-8693-f3c6b2ac9c7a,Anas strepera,2020-07-29T05:46:49Z,2020-07-29T05:46:49Z,29b7d356-4bb4-4ec4-b792-2af5cc32efa8
3d065f23-426a-449b-8693-f3c6b2ac9c7a,Anas strepera,2020-07-29T05:46:49Z,2020-07-29T05:46:49Z,29b7d356-4bb4-4ec4-b792-2af5cc32efa8
3d065f23-426a-449b-8693-f3c6b2ac9c7a,Anas strepera,2020-07-29T05:46:50Z,2020-07-29T05:46:50Z,29b7d356-4bb4-4ec4-b792-2af5cc32efa8
3d065f23-426a-449b-8693-f3c6b2ac9c7a,Anas strepera,2020-07-29T05:46:51Z,2020-07-29T05:46:51Z,29b7d356-4bb4-4ec4-b792-2af5cc32efa8
3d065f23-426a-449b-8693-f3c6b2ac9c7a,Anas strepera,2020-07-29T05:46:51Z,2020-07-29T05:46:51Z,29b7d356-4bb4-4ec4-b792-2af5cc32efa8
3d065f23-426a-449b-8693-f3c6b2ac9c7a,Anas strepera,2020-07-29T05:46:52Z,2020-07-29T05:46:52Z,29b7d356-4bb4-4ec4-b792-2af5cc32efa8
3d065f23-426a-449b-8693-f3c6b2ac9c7a,Anas strepera,2020-07-29T05:46:52Z,2020-07-29T05:46:52Z,29b7d356-4bb4-4ec4-b792-2af5cc32efa8
3d065f23-426a-449b-8693-f3c6b2ac9c7a,Anas strepera,2020-07-29T05:46:53Z,2020-07-29T05:46:53Z,29b7d356-4bb4-4ec4-b792-2af5cc32efa8
3d065f23-426a-449b-8693-f3c6b2ac9c7a,Anas strepera,2020-07-29T05:46:54Z,2020-07-29T05:46:54Z,29b7d356-4bb4-4ec4-b792-2af5cc32efa8
1fa8b00a-8f0e-485e-b98e-eb9bb1ee5a9f,Anas strepera,2020-07-30T04:29:31Z,2020-07-30T04:29:31Z,29b7d356-4bb4-4ec4-b792-2af5cc32efa8
1fa8b00a-8f0e-485e-b98e-eb9bb1ee5a9f,Anas strepera,2020-07-30T04:29:32Z,2020-07-30T04:29:32Z,29b7d356-4bb4-4ec4-b792-2af5cc32efa8
1fa8b00a-8f0e-485e-b98e-eb9bb1ee5a9f,Anas strepera,2020-07-30T04:29:33Z,2020-07-30T04:29:33Z,29b7d356-4bb4-4ec4-b792-2af5cc32efa8
1fa8b00a-8f0e-485e-b98e-eb9bb1ee5a9f,Anas strepera,2020-07-30T04:29:33Z,2020-07-30T04:29:33Z,29b7d356-4bb4-4ec4-b792-2af5cc32efa8
1fa8b00a-8f0e-485e-b98e-eb9bb1ee5a9f,Anas strepera,2020-07-30T04:29:34Z,2020-07-30T04:29:34Z,29b7d356-4bb4-4ec4-b792-2af5cc32efa8
1fa8b00a-8f0e-485e-b98e-eb9bb1ee5a9f,Anas strepera,2020-07-30T04:29:34Z,2020-07-30T04:29:34Z,29b7d356-4bb4-4ec4-b792-2af5cc32efa8
1fa8b00a-8f0e-485e-b98e-eb9bb1ee5a9f,Anas strepera,2020-07-30T04:29:35Z,2020-07-30T04:29:35Z,29b7d356-4bb4-4ec4-b792-2af5cc32efa8
1fa8b00a-8f0e-485e-b98e-eb9bb1ee5a9f,Anas strepera,2020-07-30T04:29:36Z,2020-07-30T04:29:36Z,29b7d356-4bb4-4ec4-b792-2af5cc32efa8
1fa8b00a-8f0e-485e-b98e-eb9bb1ee5a9f,Anas strepera,2020-07-30T04:29:36Z,2020-07-30T04:29:36Z,29b7d356-4bb4-4ec4-b792-2af5cc32efa8
1fa8b00a-8f0e-485e-b98e-eb9bb1ee5a9f,Anas strepera,2020-07-30T04:29:37Z,2020-07-30T04:29:37Z,29b7d356-4bb4-4ec4-b792-2af5cc32efa8
e57d97b3-f15b-48f5-a86c-477952bf8b7a,Anas platyrhynchos,2020-07-31T04:43:33Z,2020-07-31T04:43:33Z,29b7d356-4bb4-4ec4-b792-2af5cc32efa8
e57d97b3-f15b-48f5-a86c-477952bf8b7a,Anas platyrhynchos,2020-07-31T04:43:34Z,2020-07-31T04:43:34Z,29b7d356-4bb4-4ec4-b792-2af5cc32efa8
e57d97b3-f15b-48f5-a86c-477952bf8b7a,Anas platyrhynchos,2020-07-31T04:43:34Z,2020-07-31T04:43:34Z,29b7d356-4bb4-4ec4-b792-2af5cc32efa8
e57d97b3-f15b-48f5-a86c-477952bf8b7a,Anas platyrhynchos,2020-07-31T04:43:35Z,2020-07-31T04:43:35Z,29b7d356-4bb4-4ec4-b792-2af5cc32efa8
e57d97b3-f15b-48f5-a86c-477952bf8b7a,Anas platyrhynchos,2020-07-31T04:43:35Z,2020-07-31T04:43:35Z,29b7d356-4bb4-4ec4-b792-2af5cc32efa8
e57d97b3-f15b-48f5-a86c-477952bf8b7a,Anas platyrhynchos,2020-07-31T04:43:36Z,2020-07-31T04:43:36Z,29b7d356-4bb4-4ec4-b792-2af5cc32efa8
e57d97b3-f15b-48f5-a86c-477952bf8b7a,Anas platyrhynchos,2020-07-31T04:43:37Z,2020-07-31T04:43:37Z,29b7d356-4bb4-4ec4-b792-2af5cc32efa8
e57d97b3-f15b-48f5-a86c-477952bf8b7a,Anas platyrhynchos,2020-07-31T04:43:37Z,2020-07-31T04:43:37Z,29b7d356-4bb4-4ec4-b792-2af5cc32efa8
e57d97b3-f15b-48f5-a86c-477952bf8b7a,Anas platyrhynchos,2020-07-31T04:43:38Z,2020-07-31T04:43:38Z,29b7d356-4bb4-4ec4-b792-2af5cc32efa8
e57d97b3-f15b-48f5-a86c-477952bf8b7a,Anas platyrhynchos,2020-07-31T04:43:38Z,2020-07-31T04:43:38Z,29b7d356-4bb4-4ec4-b792-2af5cc32efa8
f5707f70-c264-4f81-9e2f-06d55ad23d37,Anas platyrhynchos,2020-08-02T05:00:14Z,2020-08-02T05:00:14Z,29b7d356-4bb4-4ec4-b792-2af5cc32efa8
f5707f70-c264-4f81-9e2f-06d55ad23d37,Anas platyrhynchos,2020-08-02T05:00:15Z,2020-08-02T05:00:15Z,29b7d356-4bb4-4ec4-b792-2af5cc32efa8
f5707f70-c264-4f81-9e2f-06d55ad23d37,Anas platyrhynchos,2020-08-02T05:00:15Z,2020-08-02T05:00:15Z,29b7d356-4bb4-4ec4-b792-2af5cc32efa8
f5707f70-c264-4f81-9e2f-06d55ad23d37,Anas platyrhynchos,2020-08-02T05:00:16Z,2020-08-02T05:00:16Z,29b7d356-4bb4-4ec4-b792-2af5cc32efa8
f5707f70-c264-4f81-9e2f-06d55ad23d37,Anas platyrhynchos,2020-08-02T05:00:16Z,2020-08-02T05:00:16Z,29b7d356-4bb4-4ec4-b792-2af5cc32efa8
f5707f70-c264-4f81-9e2f-06d55ad23d37,Anas platyrhynchos,2020-08-02T05:00:17Z,2020-08-02T05:00:17Z,29b7d356-4bb4-4ec4-b792-2af5cc32efa8
f5707f70-c264-4f81-9e2f-06d55ad23d37,Anas platyrhynchos,2020-08-02T05:00:18Z,2020-08-02T05:00:18Z,29b7d356-4bb4-4ec4-b792-2af5cc32efa8
f5707f70-c264-4f81-9e2f-06d55ad23d37,Anas platyrhynchos,2020-08-02T05:00:18Z,2020-08-02T05:00:18Z,29b7d356-4bb4-4ec4-b792-2af5cc32efa8
f5707f70-c264-4f81-9e2f-06d55ad23d37,Anas platyrhynchos,2020-08-02T05:00:19Z,2020-08-02T05:00:19Z,29b7d356-4bb4-4ec4-b792-2af5cc32efa8
f5707f70-c264-4f81-9e2f-06d55ad23d37,Anas platyrhynchos,2020-08-02T05:00:19Z,2020-08-02T05:00:19Z,29b7d356-4bb4-4ec4-b792-2af5cc32efa8
f5707f70-c264-4f81-9e2f-06d55ad23d37,Anas platyrhynchos,2020-08-02T05:00:30Z,2020-08-02T05:00:30Z,29b7d356-4bb4-4ec4-b792-2af5cc32efa8
f5707f70-c264-4f81-9e2f-06d55ad23d37,Anas platyrhynchos,2020-08-02T05:00:30Z,2020-08-02T05:00:30Z,29b7d356-4bb4-4ec4-b792-2af5cc32efa8
f5707f70-c264-4f81-9e2f-06d55ad23d37,Anas platyrhynchos,2020-08-02T05:00:31Z,2020-08-02T05:00:31Z,29b7d356-4bb4-4ec4-b792-2af5cc32efa8
f5707f70-c264-4f81-9e2f-06d55ad23d37,Anas platyrhynchos,2020-08-02T05:00:31Z,2020-08-02T05:00:31Z,29b7d356-4bb4-4ec4-b792-2af5cc32efa8
f5707f70-c264-4f81-9e2f-06d55ad23d37,Anas platyrhynchos,2020-08-02T05:00:32Z,2020-08-02T05:00:32Z,29b7d356-4bb4-4ec4-b792-2af5cc32efa8
f5707f70-c264-4f81-9e2f-06d55ad23d37,Anas platyrhynchos,2020-08-02T05:00:33Z,2020-08-02T05:00:33Z,29b7d356-4bb4-4ec4-b792-2af5cc32efa8
f5707f70-c264-4f81-9e2f-06d55ad23d37,Anas platyrhynchos,2020-08-02T05:00:33Z,2020-08-02T05:00:33Z,29b7d356-4bb4-4ec4-b792-2af5cc32efa8
f5707f70-c264-4f81-9e2f-06d55ad23d37,Anas platyrhynchos,2020-08-02T05:00:34Z,2020-08-02T05:00:34Z,29b7d356-4bb4-4ec4-b792-2af5cc32efa8
f5707f70-c264-4f81-9e2f-06d55ad23d37,Anas platyrhynchos,2020-08-02T05:00:34Z,2020-08-02T05:00:34Z,29b7d356-4bb4-4ec4-b792-2af5cc32efa8
f5707f70-c264-4f81-9e2f-06d55ad23d37,Anas platyrhynchos,2020-08-02T05:00:35Z,2020-08-02T05:00:35Z,29b7d356-4bb4-4ec4-b792-2af5cc32efa8
f5707f70-c264-4f81-9e2f-06d55ad23d37,Anas platyrhynchos,2020-08-02T05:01:00Z,2020-08-02T05:01:00Z,29b7d356-4bb4-4ec4-b792-2af5cc32efa8
f5707f70-c264-4f81-9e2f-06d55ad23d37,Anas platyrhynchos,2020-08-02T05:01:01Z,2020-08-02T05:01:01Z,29b7d356-4bb4-4ec4-b792-2af5cc32efa8
f5707f70-c264-4f81-9e2f-06d55ad23d37,Anas platyrhynchos,2020-08-02T05:01:01Z,2020-08-02T05:01:01Z,29b7d356-4bb4-4ec4-b792-2af5cc32efa8
f5707f70-c264-4f81-9e2f-06d55ad23d37,Anas platyrhynchos,2020-08-02T05:01:02Z,2020-08-02T05:01:02Z,29b7d356-4bb4-4ec4-b792-2af5cc32efa8
f5707f70-c264-4f81-9e2f-06d55ad23d37,Anas platyrhynchos,2020-08-02T05:01:02Z,2020-08-02T05:01:02Z,29b7d356-4bb4-4ec4-b792-2af5cc32efa8
f5707f70-c264-4f81-9e2f-06d55ad23d37,Anas platyrhynchos,2020-08-02T05:01:03Z,2020-08-02T05:01:03Z,29b7d356-4bb4-4ec4-b792-2af5cc32efa8
f5707f70-c264-4f81-9e2f-06d55ad23d37,Anas platyrhynchos,2020-08-02T05:01:04Z,2020-08-02T05:01:04Z,29b7d356-4bb4-4ec4-b792-2af5cc32efa8
f5707f70-c264-4f81-9e2f-06d55ad23d37,Anas platyrhynchos,2020-08-02T05:01:04Z,2020-08-02T05:01:04Z,29b7d356-4bb4-4ec4-b792-2af5cc32efa8
f5707f70-c264-4f81-9e2f-06d55ad23d37,Anas platyrhynchos,2020-08-02T05:01:05Z,2020-08-02T05:01:05Z,29b7d356-4bb4-4ec4-b792-2af5cc32efa8
f5707f70-c264-4f81-9e2f-06d55ad23d37,Anas platyrhynchos,2020-08-02T05:01:05Z,2020-08-02T05:01:05Z,29b7d356-4bb4-4ec4-b792-2af5cc32efa8
ccfa9680-f85f-41db-9760-445a19f5dbe7,Anas platyrhynchos,2020-08-03T05:09:12Z,2020-08-03T05:09:12Z,29b7d356-4bb4-4ec4-b792-2af5cc32efa8
ccfa9680-f85f-41db-9760-445a19f5dbe7,Anas platyrhynchos,2020-08-03T05:09:13Z,2020-08-03T05:09:13Z,29b7d356-4bb4-4ec4-b792-2af5cc32efa8
ccfa9680-f85f-41db-9760-445a19f5dbe7,Anas platyrhynchos,2020-08-03T05:09:14Z,2020-08-03T05:09:14Z,29b7d356-4bb4-4ec4-b792-2af5cc32efa8
ccfa9680-f85f-41db-9760-445a19f5dbe7,Anas platyrhynchos,2020-08-03T05:09:14Z,2020-08-03T05:09:14Z,29b7d356-4bb4-4ec4-b792-2af5cc32efa8
ccfa9680-f85f-41db-9760-445a19f5dbe7,Anas platyrhynchos,2020-08-03T05:09:15Z,2020-08-03T05:09:15Z,29b7d356-4bb4-4ec4-b792-2af5cc32efa8
ccfa9680-f85f-41db-9760-445a19f5dbe7,Anas platyrhynchos,2020-08-03T05:09:16Z,2020-08-03T05:09:16Z,29b7d356-4bb4-4ec4-b792-2af5cc32efa8
ccfa9680-f85f-41db-9760-445a19f5dbe7,Anas platyrhynchos,2020-08-03T05:09:16Z,2020-08-03T05:09:16Z,29b7d356-4bb4-4ec4-b792-2af5cc32efa8
ccfa9680-f85f-41db-9760-445a19f5dbe7,Anas platyrhynchos,2020-08-03T05:09:17Z,2020-08-03T05:09:17Z,29b7d356-4bb4-4ec4-b792-2af5cc32efa8
ccfa9680-f85f-41db-9760-445a19f5dbe7,Anas platyrhynchos,2020-08-03T05:09:18Z,2020-08-03T05:09:18Z,29b7d356-4bb4-4ec4-b792-2af5cc32efa8
ccfa9680-f85f-41db-9760-445a19f5dbe7,Anas platyrhynchos,2020-08-03T05:09:18Z,2020-08-03T05:09:18Z,29b7d356-4bb4-4ec4-b792-2af5cc32efa8
1a32d481-ff36-4332-85ea-94423193936a,Anas platyrhynchos,2020-08-04T05:04:09Z,2020-08-04T05:04:09Z,29b7d356-4bb4-4ec4-b792-2af5cc32efa8
1a32d481-ff36-4332-85ea-94423193936a,Anas platyrhynchos,2020-08-04T05:04:10Z,2020-08-04T05:04:10Z,29b7d356-4bb4-4ec4-b792-2af5cc32efa8
1a32d481-ff36-4332-85ea-94423193936a,Anas platyrhynchos,2020-08-04T05:04:10Z,2020-08-04T05:04:10Z,29b7d356-4bb4-4ec4-b792-2af5cc32efa8
1a32d481-ff36-4332-85ea-94423193936a,Anas platyrhynchos,2020-08-04T05:04:11Z,2020-08-04T05:04:11Z,29b7d356-4bb4-4ec4-b792-2af5cc32efa8
1a32d481-ff36-4332-85ea-94423193936a,Anas platyrhynchos,2020-08-04T05:04:11Z,2020-08-04T05:04:11Z,29b7d356-4bb4-4ec4-b792-2af5cc32efa8
1a32d481-ff36-4332-85ea-94423193936a,Anas platyrhynchos,2020-08-04T05:04:12Z,2020-08-04T05:04:12Z,29b7d356-4bb4-4ec4-b792-2af5cc32efa8
1a32d481-ff36-4332-85ea-94423193936a,Anas platyrhynchos,2020-08-04T05:04:13Z,2020-08-04T05:04:13Z,29b7d356-4bb4-4ec4-b792-2af5cc32efa8
1a32d481-ff36-4332-85ea-94423193936a,Anas platyrhynchos,2020-08-04T05:04:13Z,2020-08-04T05:04:13Z,29b7d356-4bb4-4ec4-b792-2af5cc32efa8
1a32d481-ff36-4332-85ea-94423193936a,Anas platyrhynchos,2020-08-04T05:04:14Z,2020-08-04T05:04:14Z,29b7d356-4bb4-4ec4-b792-2af5cc32efa8
1a32d481-ff36-4332-85ea-94423193936a,Anas platyrhynchos,2020-08-04T05:04:14Z,2020-08-04T05:04:14Z,29b7d356-4bb4-4ec4-b792-2af5cc32efa8
c60eb90d-ab45-4b5a-8e0c-72204fdf4c08,Anas strepera,2020-08-05T05:02:01Z,2020-08-05T05:02:01Z,29b7d356-4bb4-4ec4-b792-2af5cc32efa8
c60eb90d-ab45-4b5a-8e0c-72204fdf4c08,Anas strepera,2020-08-05T05:02:02Z,2020-08-05T05:02:02Z,29b7d356-4bb4-4ec4-b792-2af5cc32efa8
c60eb90d-ab45-4b5a-8e0c-72204fdf4c08,Anas strepera,2020-08-05T05:02:03Z,2020-08-05T05:02:03Z,29b7d356-4bb4-4ec4-b792-2af5cc32efa8
c60eb90d-ab45-4b5a-8e0c-72204fdf4c08,Anas strepera,2020-08-05T05:02:03Z,2020-08-05T05:02:03Z,29b7d356-4bb4-4ec4-b792-2af5cc32efa8
c60eb90d-ab45-4b5a-8e0c-72204fdf4c08,Anas strepera,2020-08-05T05:02:04Z,2020-08-05T05:02:04Z,29b7d356-4bb4-4ec4-b792-2af5cc32efa8
c60eb90d-ab45-4b5a-8e0c-72204fdf4c08,Anas strepera,2020-08-05T05:02:05Z,2020-08-05T05:02:05Z,29b7d356-4bb4-4ec4-b792-2af5cc32efa8
c60eb90d-ab45-4b5a-8e0c-72204fdf4c08,Anas strepera,2020-08-05T05:02:05Z,2020-08-05T05:02:05Z,29b7d356-4bb4-4ec4-b792-2af5cc32efa8
c60eb90d-ab45-4b5a-8e0c-72204fdf4c08,Anas strepera,2020-08-05T05:02:06Z,2020-08-05T05:02:06Z,29b7d356-4bb4-4ec4-b792-2af5cc32efa8
c60eb90d-ab45-4b5a-8e0c-72204fdf4c08,Anas strepera,2020-08-05T05:02:06Z,2020-08-05T05:02:06Z,29b7d356-4bb4-4ec4-b792-2af5cc32efa8
c60eb90d-ab45-4b5a-8e0c-72204fdf4c08,Anas strepera,2020-08-05T05:02:07Z,2020-08-05T05:02:07Z,29b7d356-4bb4-4ec4-b792-2af5cc32efa8
00d6726c-755a-46d2-b424-f0b4a3a6f26a,,2020-08-08T04:20:35Z,2020-08-08T04:20:35Z,29b7d356-4bb4-4ec4-b792-2af5cc32efa8
00d6726c-755a-46d2-b424-f0b4a3a6f26a,,2020-08-08T04:20:35Z,2020-08-08T04:20:35Z,29b7d356-4bb4-4ec4-b792-2af5cc32efa8
00d6726c-755a-46d2-b424-f0b4a3a6f26a,,2020-08-08T04:20:36Z,2020-08-08T04:20:36Z,29b7d356-4bb4-4ec4-b792-2af5cc32efa8
00d6726c-755a-46d2-b424-f0b4a3a6f26a,,2020-08-08T04:20:37Z,2020-08-08T04:20:37Z,29b7d356-4bb4-4ec4-b792-2af5cc32efa8
00d6726c-755a-46d2-b424-f0b4a3a6f26a,,2020-08-08T04:20:37Z,2020-08-08T04:20:37Z,29b7d356-4bb4-4ec4-b792-2af5cc32efa8
00d6726c-755a-46d2-b424-f0b4a3a6f26a,,2020-08-08T04:20:38Z,2020-08-08T04:20:38Z,29b7d356-4bb4-4ec4-b792-2af5cc32efa8
00d6726c-755a-46d2-b424-f0b4a3a6f26a,,2020-08-08T04:20:38Z,2020-08-08T04:20:38Z,29b7d356-4bb4-4ec4-b792-2af5cc32efa8
00d6726c-755a-46d2-b424-f0b4a3a6f26a,,2020-08-08T04:20:39Z,2020-08-08T04:20:39Z,29b7d356-4bb4-4ec4-b792-2af5cc32efa8
00d6726c-755a-46d2-b424-f0b4a3a6f26a,,2020-08-08T04:20:40Z,2020-08-08T04:20:40Z,29b7d356-4bb4-4ec4-b792-2af5cc32efa8
00d6726c-755a-46d2-b424-f0b4a3a6f26a,,2020-08-08T04:20:40Z,2020-08-08T04:20:40Z,29b7d356-4bb4-4ec4-b792-2af5cc32efa8
0d3e96d8-d24d-476b-a76e-11bda9170f95,,2020-06-19T21:00:00Z,2020-06-19T21:00:00Z,577b543a-2cf1-4b23-b6d2-cda7e2eac372
7e29c71f-4bd3-441f-b711-127944d7b8e0,,2020-06-19T22:00:00Z,2020-06-19T22:00:00Z,577b543a-2cf1-4b23-b6d2-cda7e2eac372
78a45ae5-992b-4324-8e1e-de1e63088269,Castor fiber,2020-06-19T22:05:55Z,2020-06-19T22:05:55Z,577b543a-2cf1-4b23-b6d2-cda7e2eac372
78a45ae5-992b-4324-8e1e-de1e63088269,Castor fiber,2020-06-19T22:05:55Z,2020-06-19T22:05:55Z,577b543a-2cf1-4b23-b6d2-cda7e2eac372
78a45ae5-992b-4324-8e1e-de1e63088269,Castor fiber,2020-06-19T22:05:56Z,2020-06-19T22:05:56Z,577b543a-2cf1-4b23-b6d2-cda7e2eac372
78a45ae5-992b-4324-8e1e-de1e63088269,Castor fiber,2020-06-19T22:05:57Z,2020-06-19T22:05:57Z,577b543a-2cf1-4b23-b6d2-cda7e2eac372
78a45ae5-992b-4324-8e1e-de1e63088269,Castor fiber,2020-06-19T22:05:57Z,2020-06-19T22:05:57Z,577b543a-2cf1-4b23-b6d2-cda7e2eac372
78a45ae5-992b-4324-8e1e-de1e63088269,Castor fiber,2020-06-19T22:05:58Z,2020-06-19T22:05:58Z,577b543a-2cf1-4b23-b6d2-cda7e2eac372
78a45ae5-992b-4324-8e1e-de1e63088269,Castor fiber,2020-06-19T22:05:58Z,2020-06-19T22:05:58Z,577b543a-2cf1-4b23-b6d2-cda7e2eac372
78a45ae5-992b-4324-8e1e-de1e63088269,Castor fiber,2020-06-19T22:05:59Z,2020-06-19T22:05:59Z,577b543a-2cf1-4b23-b6d2-cda7e2eac372
78a45ae5-992b-4324-8e1e-de1e63088269,Castor fiber,2020-06-19T22:06:00Z,2020-06-19T22:06:00Z,577b543a-2cf1-4b23-b6d2-cda7e2eac372
78a45ae5-992b-4324-8e1e-de1e63088269,Castor fiber,2020-06-19T22:06:00Z,2020-06-19T22:06:00Z,577b543a-2cf1-4b23-b6d2-cda7e2eac372
e622b65c-8e09-4e45-ba32-a4c1a6c29fc7,Mustela putorius,2020-06-19T22:31:51Z,2020-06-19T22:31:51Z,577b543a-2cf1-4b23-b6d2-cda7e2eac372
e622b65c-8e09-4e45-ba32-a4c1a6c29fc7,Mustela putorius,2020-06-19T22:31:51Z,2020-06-19T22:31:51Z,577b543a-2cf1-4b23-b6d2-cda7e2eac372
e622b65c-8e09-4e45-ba32-a4c1a6c29fc7,Mustela putorius,2020-06-19T22:31:52Z,2020-06-19T22:31:52Z,577b543a-2cf1-4b23-b6d2-cda7e2eac372
e622b65c-8e09-4e45-ba32-a4c1a6c29fc7,Mustela putorius,2020-06-19T22:31:53Z,2020-06-19T22:31:53Z,577b543a-2cf1-4b23-b6d2-cda7e2eac372
e622b65c-8e09-4e45-ba32-a4c1a6c29fc7,Mustela putorius,2020-06-19T22:31:53Z,2020-06-19T22:31:53Z,577b543a-2cf1-4b23-b6d2-cda7e2eac372
e622b65c-8e09-4e45-ba32-a4c1a6c29fc7,Mustela putorius,2020-06-19T22:31:54Z,2020-06-19T22:31:54Z,577b543a-2cf1-4b23-b6d2-cda7e2eac372
e622b65c-8e09-4e45-ba32-a4c1a6c29fc7,Mustela putorius,2020-06-19T22:31:54Z,2020-06-19T22:31:54Z,577b543a-2cf1-4b23-b6d2-cda7e2eac372
e622b65c-8e09-4e45-ba32-a4c1a6c29fc7,Mustela putorius,2020-06-19T22:31:55Z,2020-06-19T22:31:55Z,577b543a-2cf1-4b23-b6d2-cda7e2eac372
e622b65c-8e09-4e45-ba32-a4c1a6c29fc7,Mustela putorius,2020-06-19T22:31:56Z,2020-06-19T22:31:56Z,577b543a-2cf1-4b23-b6d2-cda7e2eac372
e622b65c-8e09-4e45-ba32-a4c1a6c29fc7,Mustela putorius,2020-06-19T22:31:56Z,2020-06-19T22:31:56Z,577b543a-2cf1-4b23-b6d2-cda7e2eac372
fb662fab-d94e-490e-8b09-a617daab6383,Mustela putorius,2020-06-23T23:33:53Z,2020-06-23T23:33:53Z,577b543a-2cf1-4b23-b6d2-cda7e2eac372
fb662fab-d94e-490e-8b09-a617daab6383,Mustela putorius,2020-06-23T23:33:54Z,2020-06-23T23:33:54Z,577b543a-2cf1-4b23-b6d2-cda7e2eac372
fb662fab-d94e-490e-8b09-a617daab6383,Mustela putorius,2020-06-23T23:33:54Z,2020-06-23T23:33:54Z,577b543a-2cf1-4b23-b6d2-cda7e2eac372
fb662fab-d94e-490e-8b09-a617daab6383,Mustela putorius,2020-06-23T23:33:55Z,2020-06-23T23:33:55Z,577b543a-2cf1-4b23-b6d2-cda7e2eac372
fb662fab-d94e-490e-8b09-a617daab6383,Mustela putorius,2020-06-23T23:33:55Z,2020-06-23T23:33:55Z,577b543a-2cf1-4b23-b6d2-cda7e2eac372
fb662fab-d94e-490e-8b09-a617daab6383,Mustela putorius,2020-06-23T23:33:56Z,2020-06-23T23:33:56Z,577b543a-2cf1-4b23-b6d2-cda7e2eac372
fb662fab-d94e-490e-8b09-a617daab6383,Mustela putorius,2020-06-23T23:33:57Z,2020-06-23T23:33:57Z,577b543a-2cf1-4b23-b6d2-cda7e2eac372
fb662fab-d94e-490e-8b09-a617daab6383,Mustela putorius,2020-06-23T23:33:57Z,2020-06-23T23:33:57Z,577b543a-2cf1-4b23-b6d2-cda7e2eac372
fb662fab-d94e-490e-8b09-a617daab6383,Mustela putorius,2020-06-23T23:33:58Z,2020-06-23T23:33:58Z,577b543a-2cf1-4b23-b6d2-cda7e2eac372
fb662fab-d94e-490e-8b09-a617daab6383,Mustela putorius,2020-06-23T23:33:58Z,2020-06-23T23:33:58Z,577b543a-2cf1-4b23-b6d2-cda7e2eac372
477b2f9d-33b4-47e3-8f8e-91d8247e2c05,Vulpes vulpes,2020-06-26T02:09:25Z,2020-06-26T02:09:25Z,577b543a-2cf1-4b23-b6d2-cda7e2eac372
477b2f9d-33b4-47e3-8f8e-91d8247e2c05,Vulpes vulpes,2020-06-26T02:09:25Z,2020-06-26T02:09:25Z,577b543a-2cf1-4b23-b6d2-cda7e2eac372
477b2f9d-33b4-47e3-8f8e-91d8247e2c05,Vulpes vulpes,2020-06-26T02:09:26Z,2020-06-26T02:09:26Z,577b543a-2cf1-4b23-b6d2-cda7e2eac372
477b2f9d-33b4-47e3-8f8e-91d8247e2c05,Vulpes vulpes,2020-06-26T02:09:27Z,2020-06-26T02:09:27Z,577b543a-2cf1-4b23-b6d2-cda7e2eac372
477b2f9d-33b4-47e3-8f8e-91d8247e2c05,Vulpes vulpes,2020-06-26T02:09:27Z,2020-06-26T02:09:27Z,577b543a-2cf1-4b23-b6d2-cda7e2eac372
477b2f9d-33b4-47e3-8f8e-91d8247e2c05,Vulpes vulpes,2020-06-26T02:09:28Z,2020-06-26T02:09:28Z,577b543a-2cf1-4b23-b6d2-cda7e2eac372
477b2f9d-33b4-47e3-8f8e-91d8247e2c05,Vulpes vulpes,2020-06-26T02:09:28Z,2020-06-26T02:09:28Z,577b543a-2cf1-4b23-b6d2-cda7e2eac372
477b2f9d-33b4-47e3-8f8e-91d8247e2c05,Vulpes vulpes,2020-06-26T02:09:29Z,2020-06-26T02:09:29Z,577b543a-2cf1-4b23-b6d2-cda7e2eac372
477b2f9d-33b4-47e3-8f8e-91d8247e2c05,Vulpes vulpes,2020-06-26T02:09:30Z,2020-06-26T02:09:30Z,577b543a-2cf1-4b23-b6d2-cda7e2eac372
477b2f9d-33b4-47e3-8f8e-91d8247e2c05,Vulpes vulpes,2020-06-26T02:09:30Z,2020-06-26T02:09:30Z,577b543a-2cf1-4b23-b6d2-cda7e2eac372
dfdc4c48-3702-4650-aa02-3395257fb9b0,Martes foina,2020-06-28T22:01:12Z,2020-06-28T22:01:12Z,577b543a-2cf1-4b23-b6d2-cda7e2eac372
dfdc4c48-3702-4650-aa02-3395257fb9b0,Martes foina,2020-06-28T22:01:13Z,2020-06-28T22:01:13Z,577b543a-2cf1-4b23-b6d2-cda7e2eac372
dfdc4c48-3702-4650-aa02-3395257fb9b0,Martes foina,2020-06-28T22:01:13Z,2020-06-28T22:01:13Z,577b543a-2cf1-4b23-b6d2-cda7e2eac372
dfdc4c48-3702-4650-aa02-3395257fb9b0,Martes foina,2020-06-28T22:01:14Z,2020-06-28T22:01:14Z,577b543a-2cf1-4b23-b6d2-cda7e2eac372
dfdc4c48-3702-4650-aa02-3395257fb9b0,Martes foina,2020-06-28T22:01:15Z,2020-06-28T22:01:15Z,577b543a-2cf1-4b23-b6d2-cda7e2eac372
dfdc4c48-3702-4650-aa02-3395257fb9b0,Martes foina,2020-06-28T22:01:15Z,2020-06-28T22:01:15Z,577b543a-2cf1-4b23-b6d2-cda7e2eac372
dfdc4c48-3702-4650-aa02-3395257fb9b0,Martes foina,2020-06-28T22:01:16Z,2020-06-28T22:01:16Z,577b543a-2cf1-4b23-b6d2-cda7e2eac372
dfdc4c48-3702-4650-aa02-3395257fb9b0,Martes foina,2020-06-28T22:01:16Z,2020-06-28T22:01:16Z,577b543a-2cf1-4b23-b6d2-cda7e2eac372
dfdc4c48-3702-4650-aa02-3395257fb9b0,Martes foina,2020-06-28T22:01:17Z,2020-06-28T22:01:17Z,577b543a-2cf1-4b23-b6d2-cda7e2eac372
dfdc4c48-3702-4650-aa02-3395257fb9b0,Martes foina,2020-06-28T22:01:18Z,2020-06-28T22:01:18Z,577b543a-2cf1-4b23-b6d2-cda7e2eac372
ae1cab0f-e028-4320-91ce-ddb79d9806dd,,2020-06-28T23:00:00Z,2020-06-28T23:00:00Z,577b543a-2cf1-4b23-b6d2-cda7e2eac372
9e191d10-544e-42ea-9935-b55df95a1dd3,Mustela putorius,2020-06-28T23:33:16Z,2020-06-28T23:33:16Z,577b543a-2cf1-4b23-b6d2-cda7e2eac372
9e191d10-544e-42ea-9935-b55df95a1dd3,Mustela putorius,2020-06-28T23:33:17Z,2020-06-28T23:33:17Z,577b543a-2cf1-4b23-b6d2-cda7e2eac372
9e191d10-544e-42ea-9935-b55df95a1dd3,Mustela putorius,2020-06-28T23:33:17Z,2020-06-28T23:33:17Z,577b543a-2cf1-4b23-b6d2-cda7e2eac372
9e191d10-544e-42ea-9935-b55df95a1dd3,Mustela putorius,2020-06-28T23:33:18Z,2020-06-28T23:33:18Z,577b543a-2cf1-4b23-b6d2-cda7e2eac372
9e191d10-544e-42ea-9935-b55df95a1dd3,Mustela putorius,2020-06-28T23:33:19Z,2020-06-28T23:33:19Z,577b543a-2cf1-4b23-b6d2-cda7e2eac372
9e191d10-544e-42ea-9935-b55df95a1dd3,Mustela putorius,2020-06-28T23:33:19Z,2020-06-28T23:33:19Z,577b543a-2cf1-4b23-b6d2-cda7e2eac372
9e191d10-544e-42ea-9935-b55df95a1dd3,Mustela putorius,2020-06-28T23:33:20Z,2020-06-28T23:33:20Z,577b543a-2cf1-4b23-b6d2-cda7e2eac372
9e191d10-544e-42ea-9935-b55df95a1dd3,Mustela putorius,2020-06-28T23:33:20Z,2020-06-28T23:33:20Z,577b543a-2cf1-4b23-b6d2-cda7e2eac372
9e191d10-544e-42ea-9935-b55df95a1dd3,Mustela putorius,2020-06-28T23:33:21Z,2020-06-28T23:33:21Z,577b543a-2cf1-4b23-b6d2-cda7e2eac372
9e191d10-544e-42ea-9935-b55df95a1dd3,Mustela putorius,2020-06-28T23:33:22Z,2020-06-28T23:33:22Z,577b543a-2cf1-4b23-b6d2-cda7e2eac372
a0431321-b705-4598-9f89-47328fc437a9,Ardea cinerea,2021-03-27T20:38:18Z,2021-03-27T20:38:18Z,62c200a9-0e03-4495-bcd8-032944f6f5a1
a0431321-b705-4598-9f89-47328fc437a9,Ardea cinerea,2021-03-27T20:38:18Z,2021-03-27T20:38:18Z,62c200a9-0e03-4495-bcd8-032944f6f5a1
a0431321-b705-4598-9f89-47328fc437a9,Ardea cinerea,2021-03-27T20:38:19Z,2021-03-27T20:38:19Z,62c200a9-0e03-4495-bcd8-032944f6f5a1
a0431321-b705-4598-9f89-47328fc437a9,Ardea cinerea,2021-03-27T20:38:20Z,2021-03-27T20:38:20Z,62c200a9-0e03-4495-bcd8-032944f6f5a1
a0431321-b705-4598-9f89-47328fc437a9,Ardea cinerea,2021-03-27T20:38:20Z,2021-03-27T20:38:20Z,62c200a9-0e03-4495-bcd8-032944f6f5a1
a0431321-b705-4598-9f89-47328fc437a9,Ardea cinerea,2021-03-27T20:38:21Z,2021-03-27T20:38:21Z,62c200a9-0e03-4495-bcd8-032944f6f5a1
a0431321-b705-4598-9f89-47328fc437a9,Ardea cinerea,2021-03-27T20:38:21Z,2021-03-27T20:38:21Z,62c200a9-0e03-4495-bcd8-032944f6f5a1
a0431321-b705-4598-9f89-47328fc437a9,Ardea cinerea,2021-03-27T20:38:22Z,2021-03-27T20:38:22Z,62c200a9-0e03-4495-bcd8-032944f6f5a1
a0431321-b705-4598-9f89-47328fc437a9,Ardea cinerea,2021-03-27T20:38:23Z,2021-03-27T20:38:23Z,62c200a9-0e03-4495-bcd8-032944f6f5a1
a0431321-b705-4598-9f89-47328fc437a9,Ardea cinerea,2021-03-27T20:38:23Z,2021-03-27T20:38:23Z,62c200a9-0e03-4495-bcd8-032944f6f5a1
e5690234-0644-42cd-be96-dcc69939c68d:seq,,2021-03-31T22:59:15Z,2021-03-31T22:59:15Z,62c200a9-0e03-4495-bcd8-032944f6f5a1
e5690234-0644-42cd-be96-dcc69939c68d:seq,,2021-03-31T22:59:16Z,2021-03-31T22:59:16Z,62c200a9-0e03-4495-bcd8-032944f6f5a1
e5690234-0644-42cd-be96-dcc69939c68d:seq,,2021-03-31T22:59:16Z,2021-03-31T22:59:16Z,62c200a9-0e03-4495-bcd8-032944f6f5a1
e5690234-0644-42cd-be96-dcc69939c68d:seq,,2021-03-31T22:59:17Z,2021-03-31T22:59:17Z,62c200a9-0e03-4495-bcd8-032944f6f5a1
e5690234-0644-42cd-be96-dcc69939c68d:seq,,2021-03-31T22:59:18Z,2021-03-31T22:59:18Z,62c200a9-0e03-4495-bcd8-032944f6f5a1
e5690234-0644-42cd-be96-dcc69939c68d:seq,,2021-03-31T22:59:18Z,2021-03-31T22:59:18Z,62c200a9-0e03-4495-bcd8-032944f6f5a1
e5690234-0644-42cd-be96-dcc69939c68d:seq,,2021-03-31T22:59:19Z,2021-03-31T22:59:19Z,62c200a9-0e03-4495-bcd8-032944f6f5a1
e5690234-0644-42cd-be96-dcc69939c68d:seq,,2021-03-31T22:59:19Z,2021-03-31T22:59:19Z,62c200a9-0e03-4495-bcd8-032944f6f5a1
e5690234-0644-42cd-be96-dcc69939c68d:seq,,2021-03-31T22:59:20Z,2021-03-31T22:59:20Z,62c200a9-0e03-4495-bcd8-032944f6f5a1
e5690234-0644-42cd-be96-dcc69939c68d:seq,,2021-03-31T22:59:21Z,2021-03-31T22:59:21Z,62c200a9-0e03-4495-bcd8-032944f6f5a1
cb30a896-50c2-473e-9985-0c0c5b468bd0,Ardea,2021-04-05T19:08:33Z,2021-04-05T19:08:33Z,62c200a9-0e03-4495-bcd8-032944f6f5a1
cb30a896-50c2-473e-9985-0c0c5b468bd0,Ardea,2021-04-05T19:08:34Z,2021-04-05T19:08:34Z,62c200a9-0e03-4495-bcd8-032944f6f5a1
cb30a896-50c2-473e-9985-0c0c5b468bd0,Ardea,2021-04-05T19:08:34Z,2021-04-05T19:08:34Z,62c200a9-0e03-4495-bcd8-032944f6f5a1
cb30a896-50c2-473e-9985-0c0c5b468bd0,Ardea,2021-04-05T19:08:35Z,2021-04-05T19:08:35Z,62c200a9-0e03-4495-bcd8-032944f6f5a1
cb30a896-50c2-473e-9985-0c0c5b468bd0,Ardea,2021-04-05T19:08:35Z,2021-04-05T19:08:35Z,62c200a9-0e03-4495-bcd8-032944f6f5a1
cb30a896-50c2-473e-9985-0c0c5b468bd0,Ardea,2021-04-05T19:08:36Z,2021-04-05T19:08:36Z,62c200a9-0e03-4495-bcd8-032944f6f5a1
cb30a896-50c2-473e-9985-0c0c5b468bd0,Ardea,2021-04-05T19:08:37Z,2021-04-05T19:08:37Z,62c200a9-0e03-4495-bcd8-032944f6f5a1
cb30a896-50c2-473e-9985-0c0c5b468bd0,Ardea,2021-04-05T19:08:37Z,2021-04-05T19:08:37Z,62c200a9-0e03-4495-bcd8-032944f6f5a1
cb30a896-50c2-473e-9985-0c0c5b468bd0,Ardea,2021-04-05T19:08:38Z,2021-04-05T19:08:38Z,62c200a9-0e03-4495-bcd8-032944f6f5a1
cb30a896-50c2-473e-9985-0c0c5b468bd0,Ardea,2021-04-05T19:08:38Z,2021-04-05T19:08:38Z,62c200a9-0e03-4495-bcd8-032944f6f5a1
bb027d7e-5801-4e70-950f-1f1972046962,Ardea,2021-04-11T19:43:09Z,2021-04-11T19:43:09Z,62c200a9-0e03-4495-bcd8-032944f6f5a1
bb027d7e-5801-4e70-950f-1f1972046962,Ardea,2021-04-11T19:43:10Z,2021-04-11T19:43:10Z,62c200a9-0e03-4495-bcd8-032944f6f5a1
bb027d7e-5801-4e70-950f-1f1972046962,Ardea,2021-04-11T19:43:10Z,2021-04-11T19:43:10Z,62c200a9-0e03-4495-bcd8-032944f6f5a1
bb027d7e-5801-4e70-950f-1f1972046962,Ardea,2021-04-11T19:43:11Z,2021-04-11T19:43:11Z,62c200a9-0e03-4495-bcd8-032944f6f5a1
bb027d7e-5801-4e70-950f-1f1972046962,Ardea,2021-04-11T19:43:12Z,2021-04-11T19:43:12Z,62c200a9-0e03-4495-bcd8-032944f6f5a1
bb027d7e-5801-4e70-950f-1f1972046962,Ardea,2021-04-11T19:43:12Z,2021-04-11T19:43:12Z,62c200a9-0e03-4495-bcd8-032944f6f5a1
bb027d7e-5801-4e70-950f-1f1972046962,Ardea,2021-04-11T19:43:13Z,2021-04-11T19:43:13Z,62c200a9-0e03-4495-bcd8-032944f6f5a1
bb027d7e-5801-4e70-950f-1f1972046962,Ardea,2021-04-11T19:43:13Z,2021-04-11T19:43:13Z,62c200a9-0e03-4495-bcd8-032944f6f5a1
bb027d7e-5801-4e70-950f-1f1972046962,Ardea,2021-04-11T19:43:14Z,2021-04-11T19:43:14Z,62c200a9-0e03-4495-bcd8-032944f6f5a1
bb027d7e-5801-4e70-950f-1f1972046962,Ardea,2021-04-11T19:43:15Z,2021-04-11T19:43:15Z,62c200a9-0e03-4495-bcd8-032944f6f5a1
962dff14-1233-4ed1-ac89-7baf54bc19e7:seq,,2021-04-18T21:24:42Z,2021-04-18T21:24:42Z,62c200a9-0e03-4495-bcd8-032944f6f5a1
962dff14-1233-4ed1-ac89-7baf54bc19e7:seq,,2021-04-18T21:24:44Z,2021-04-18T21:24:44Z,62c200a9-0e03-4495-bcd8-032944f6f5a1
962dff14-1233-4ed1-ac89-7baf54bc19e7:seq,,2021-04-18T21:24:45Z,2021-04-18T21:24:45Z,62c200a9-0e03-4495-bcd8-032944f6f5a1
962dff14-1233-4ed1-ac89-7baf54bc19e7:seq,,2021-04-18T21:24:46Z,2021-04-18T21:24:46Z,62c200a9-0e03-4495-bcd8-032944f6f5a1
962dff14-1233-4ed1-ac89-7baf54bc19e7:seq,,2021-04-18T21:24:47Z,2021-04-18T21:24:47Z,62c200a9-0e03-4495-bcd8-032944f6f5a1
962dff14-1233-4ed1-ac89-7baf54bc19e7:seq,,2021-04-18T21:24:47Z,2021-04-18T21:24:47Z,62c200a9-0e03-4495-bcd8-032944f6f5a1
962dff14-1233-4ed1-ac89-7baf54bc19e7:seq,,2021-04-18T21:24:48Z,2021-04-18T21:24:48Z,62c200a9-0e03-4495-bcd8-032944f6f5a1
962dff14-1233-4ed1-ac89-7baf54bc19e7:seq,,2021-04-18T21:24:48Z,2021-04-18T21:24:48Z,62c200a9-0e03-4495-bcd8-032944f6f5a1
962dff14-1233-4ed1-ac89-7baf54bc19e7:seq,,2021-04-18T21:24:49Z,2021-04-18T21:24:49Z,62c200a9-0e03-4495-bcd8-032944f6f5a1
962dff14-1233-4ed1-ac89-7baf54bc19e7:seq,,2021-04-18T21:24:50Z,2021-04-18T21:24:50Z,62c200a9-0e03-4495-bcd8-032944f6f5a1
962dff14-1233-4ed1-ac89-7baf54bc19e7:seq,,2021-04-18T21:24:52Z,2021-04-18T21:24:52Z,62c200a9-0e03-4495-bcd8-032944f6f5a1
962dff14-1233-4ed1-ac89-7baf54bc19e7:seq,,2021-04-18T21:24:53Z,2021-04-18T21:24:53Z,62c200a9-0e03-4495-bcd8-032944f6f5a1
962dff14-1233-4ed1-ac89-7baf54bc19e7:seq,,2021-04-18T21:24:55Z,2021-04-18T21:24:55Z,62c200a9-0e03-4495-bcd8-032944f6f5a1
962dff14-1233-4ed1-ac89-7baf54bc19e7:seq,,2021-04-18T21:24:56Z,2021-04-18T21:24:56Z,62c200a9-0e03-4495-bcd8-032944f6f5a1
962dff14-1233-4ed1-ac89-7baf54bc19e7:seq,,2021-04-18T21:24:56Z,2021-04-18T21:24:56Z,62c200a9-0e03-4495-bcd8-032944f6f5a1
962dff14-1233-4ed1-ac89-7baf54bc19e7:seq,,2021-04-18T21:24:57Z,2021-04-18T21:24:57Z,62c200a9-0e03-4495-bcd8-032944f6f5a1
962dff14-1233-4ed1-ac89-7baf54bc19e7:seq,,2021-04-18T21:24:58Z,2021-04-18T21:24:58Z,62c200a9-0e03-4495-bcd8-032944f6f5a1
962dff14-1233-4ed1-ac89-7baf54bc19e7:seq,,2021-04-18T21:24:59Z,2021-04-18T21:24:59Z,62c200a9-0e03-4495-bcd8-032944f6f5a1
962dff14-1233-4ed1-ac89-7baf54bc19e7:seq,,2021-04-18T21:25:00Z,2021-04-18T21:25:00Z,62c200a9-0e03-4495-bcd8-032944f6f5a1
962dff14-1233-4ed1-ac89-7baf54bc19e7:seq,,2021-04-18T21:25:00Z,2021-04-18T21:25:00Z,62c200a9-0e03-4495-bcd8-032944f6f5a1
a920d76c-4e93-497b-b14b-e1322641784e,,2019-10-09T13:18:07Z,2019-10-09T13:18:07Z,7ca633fa-64f8-4cfc-a628-6b0c419056d7
a920d76c-4e93-497b-b14b-e1322641784e,,2019-10-09T13:18:09Z,2019-10-09T13:18:09Z,7ca633fa-64f8-4cfc-a628-6b0c419056d7
a920d76c-4e93-497b-b14b-e1322641784e,,2019-10-09T13:18:11Z,2019-10-09T13:18:11Z,7ca633fa-64f8-4cfc-a628-6b0c419056d7
a920d76c-4e93-497b-b14b-e1322641784e,,2019-10-09T13:18:12Z,2019-10-09T13:18:12Z,7ca633fa-64f8-4cfc-a628-6b0c419056d7
a920d76c-4e93-497b-b14b-e1322641784e,,2019-10-09T13:18:14Z,2019-10-09T13:18:14Z,7ca633fa-64f8-4cfc-a628-6b0c419056d7
a920d76c-4e93-497b-b14b-e1322641784e,,2019-10-09T13:18:17Z,2019-10-09T13:18:17Z,7ca633fa-64f8-4cfc-a628-6b0c419056d7
a920d76c-4e93-497b-b14b-e1322641784e,,2019-10-09T13:18:22Z,2019-10-09T13:18:22Z,7ca633fa-64f8-4cfc-a628-6b0c419056d7
a920d76c-4e93-497b-b14b-e1322641784e,,2019-10-09T13:18:24Z,2019-10-09T13:18:24Z,7ca633fa-64f8-4cfc-a628-6b0c419056d7
a920d76c-4e93-497b-b14b-e1322641784e,,2019-10-09T13:18:27Z,2019-10-09T13:18:27Z,7ca633fa-64f8-4cfc-a628-6b0c419056d7
a920d76c-4e93-497b-b14b-e1322641784e,,2019-10-09T13:18:27Z,2019-10-09T13:18:27Z,7ca633fa-64f8-4cfc-a628-6b0c419056d7
a920d76c-4e93-497b-b14b-e1322641784e,,2019-10-09T13:19:00Z,2019-10-09T13:19:00Z,7ca633fa-64f8-4cfc-a628-6b0c419056d7
a920d76c-4e93-497b-b14b-e1322641784e,,2019-10-09T13:19:01Z,2019-10-09T13:19:01Z,7ca633fa-64f8-4cfc-a628-6b0c419056d7
a920d76c-4e93-497b-b14b-e1322641784e,,2019-10-09T13:19:02Z,2019-10-09T13:19:02Z,7ca633fa-64f8-4cfc-a628-6b0c419056d7
a920d76c-4e93-497b-b14b-e1322641784e,,2019-10-09T13:19:03Z,2019-10-09T13:19:03Z,7ca633fa-64f8-4cfc-a628-6b0c419056d7
a920d76c-4e93-497b-b14b-e1322641784e,,2019-10-09T13:19:03Z,2019-10-09T13:19:03Z,7ca633fa-64f8-4cfc-a628-6b0c419056d7
a920d76c-4e93-497b-b14b-e1322641784e,,2019-10-09T13:19:04Z,2019-10-09T13:19:04Z,7ca633fa-64f8-4cfc-a628-6b0c419056d7
a920d76c-4e93-497b-b14b-e1322641784e,,2019-10-09T13:19:04Z,2019-10-09T13:19:04Z,7ca633fa-64f8-4cfc-a628-6b0c419056d7
a920d76c-4e93-497b-b14b-e1322641784e,,2019-10-09T13:19:05Z,2019-10-09T13:19:05Z,7ca633fa-64f8-4cfc-a628-6b0c419056d7
a920d76c-4e93-497b-b14b-e1322641784e,,2019-10-09T13:19:06Z,2019-10-09T13:19:06Z,7ca633fa-64f8-4cfc-a628-6b0c419056d7
a920d76c-4e93-497b-b14b-e1322641784e,,2019-10-09T13:19:06Z,2019-10-09T13:19:06Z,7ca633fa-64f8-4cfc-a628-6b0c419056d7
c072cd03-0af5-429b-8d84-b7709d61a6c6,Homo sapiens,2019-10-23T10:19:44Z,2019-10-23T10:19:44Z,7ca633fa-64f8-4cfc-a628-6b0c419056d7
c072cd03-0af5-429b-8d84-b7709d61a6c6,Homo sapiens,2019-10-23T10:19:45Z,2019-10-23T10:19:45Z,7ca633fa-64f8-4cfc-a628-6b0c419056d7
c072cd03-0af5-429b-8d84-b7709d61a6c6,Homo sapiens,2019-10-23T10:19:46Z,2019-10-23T10:19:46Z,7ca633fa-64f8-4cfc-a628-6b0c419056d7
c072cd03-0af5-429b-8d84-b7709d61a6c6,Homo sapiens,2019-10-23T10:19:46Z,2019-10-23T10:19:46Z,7ca633fa-64f8-4cfc-a628-6b0c419056d7
c072cd03-0af5-429b-8d84-b7709d61a6c6,Homo sapiens,2019-10-23T10:19:47Z,2019-10-23T10:19:47Z,7ca633fa-64f8-4cfc-a628-6b0c419056d7
c072cd03-0af5-429b-8d84-b7709d61a6c6,Homo sapiens,2019-10-23T10:19:47Z,2019-10-23T10:19:47Z,7ca633fa-64f8-4cfc-a628-6b0c419056d7
c072cd03-0af5-429b-8d84-b7709d61a6c6,Homo sapiens,2019-10-23T10:19:48Z,2019-10-23T10:19:48Z,7ca633fa-64f8-4cfc-a628-6b0c419056d7
c072cd03-0af5-429b-8d84-b7709d61a6c6,Homo sapiens,2019-10-23T10:19:49Z,2019-10-23T10:19:49Z,7ca633fa-64f8-4cfc-a628-6b0c419056d7
c072cd03-0af5-429b-8d84-b7709d61a6c6,Homo sapiens,2019-10-23T10:19:49Z,2019-10-23T10:19:49Z,7ca633fa-64f8-4cfc-a628-6b0c419056d7
c072cd03-0af5-429b-8d84-b7709d61a6c6,Homo sapiens,2019-10-23T10:19:50Z,2019-10-23T10:19:50Z,7ca633fa-64f8-4cfc-a628-6b0c419056d7
f06a8237-cdb0-4d3d-80ce-b35d52a4d7c6,,2019-10-23T11:59:56Z,2019-10-23T11:59:56Z,7ca633fa-64f8-4cfc-a628-6b0c419056d7
f06a8237-cdb0-4d3d-80ce-b35d52a4d7c6,,2019-10-23T11:59:58Z,2019-10-23T11:59:58Z,7ca633fa-64f8-4cfc-a628-6b0c419056d7
f06a8237-cdb0-4d3d-80ce-b35d52a4d7c6,,2019-10-23T11:59:59Z,2019-10-23T11:59:59Z,7ca633fa-64f8-4cfc-a628-6b0c419056d7
f06a8237-cdb0-4d3d-80ce-b35d52a4d7c6,,2019-10-23T12:00:02Z,2019-10-23T12:00:02Z,7ca633fa-64f8-4cfc-a628-6b0c419056d7
f06a8237-cdb0-4d3d-80ce-b35d52a4d7c6,,2019-10-23T12:00:04Z,2019-10-23T12:00:04Z,7ca633fa-64f8-4cfc-a628-6b0c419056d7
f06a8237-cdb0-4d3d-80ce-b35d52a4d7c6,,2019-10-23T12:00:04Z,2019-10-23T12:00:04Z,7ca633fa-64f8-4cfc-a628-6b0c419056d7
f06a8237-cdb0-4d3d-80ce-b35d52a4d7c6,,2019-10-23T12:00:08Z,2019-10-23T12:00:08Z,7ca633fa-64f8-4cfc-a628-6b0c419056d7
f06a8237-cdb0-4d3d-80ce-b35d52a4d7c6,,2019-10-23T12:00:11Z,2019-10-23T12:00:11Z,7ca633fa-64f8-4cfc-a628-6b0c419056d7
f06a8237-cdb0-4d3d-80ce-b35d52a4d7c6,,2019-10-23T12:00:15Z,2019-10-23T12:00:15Z,7ca633fa-64f8-4cfc-a628-6b0c419056d7
f06a8237-cdb0-4d3d-80ce-b35d52a4d7c6,,2019-10-23T12:00:16Z,2019-10-23T12:00:16Z,7ca633fa-64f8-4cfc-a628-6b0c419056d7
